,Winner,Runs,At_Bats,Hits,RBI,Earned_Runs,Bases_on_Balls,Strikeouts,Batting_Average,On_Base_Percentage,Slugging_Percentage,Pitches_Faced,Pitches_Pitched,Strikes_Earned,Strikes_Given,Off_Win_Prob_Contribution,Pressure_Pitcher_Faced,Off_Win_Prob_Sub,Base_Out_Runs,Assists,Home_Runs_Givenup,Grounded_Balls_Allowed,Fly_Balls_Allowed,Line_Drives_Allowed,Pitcher_Win_Contribution
0,0,6,34,9,6,6.0,3,11,0.265,0.308,0.412,182,162,106,102,0.205,1.49,,1.2,10,1,7,18,5,0.294
1,1,1,35,8,1,1.0,2,5,0.229,0.27,0.314,122,128,88,71,-0.415,1.11,,-3.8,8,0,14,16,9,-0.084
2,1,5,41,13,4,3.6,4,11,0.317,0.37,0.341,173,175,114,102,0.079,1.88,,-1.0,9,1,15,16,7,-0.578
3,1,5,34,4,5,4.0,2,19,0.118,0.167,0.294,182,145,101,111,-0.098,0.4,,0.2,7,5,6,9,5,-0.402
4,1,2,32,6,2,0.0,4,12,0.188,0.278,0.219,120,157,98,80,-0.238,0.72,,-2.8,8,0,8,12,8,-0.265
5,0,4,33,6,3,3.0,4,9,0.182,0.27,0.182,165,147,91,108,0.009,1.07,,-1.0,8,1,14,10,6,-0.51
6,0,1,30,5,1,1.0,1,9,0.167,0.194,0.2,117,117,76,75,-0.63,0.77,,-4.0,9,0,12,9,5,0.13
7,0,3,32,6,3,3.0,5,11,0.188,0.316,0.438,142,189,120,97,-0.223,1.15,,-1.9,9,3,12,9,3,-0.277
8,0,4,40,8,4,1.64,4,10,0.2,0.273,0.275,173,179,111,108,-0.771,1.41,,-3.3,8,1,16,14,5,0.273
9,0,1,33,6,1,1.0,0,10,0.182,0.182,0.273,134,129,85,84,-0.376,0.93,,-3.9,10,2,9,14,6,-0.125
10,1,1,36,8,1,1.0,1,10,0.222,0.243,0.361,136,150,106,85,-0.314,0.65,,-3.8,2,0,12,14,7,-0.188
11,0,5,36,10,5,5.0,1,11,0.278,0.333,0.5,150,140,105,86,0.135,0.91,,0.2,5,0,11,14,9,0.367
12,1,0,28,2,0,0.0,5,9,0.071,0.212,0.107,107,159,97,72,-0.736,1.27,,-4.8,8,0,8,11,3,0.237
13,0,8,31,11,8,10.29,5,9,0.355,0.432,0.71,153,160,91,92,0.368,0.87,,4.2,4,1,10,13,5,0.131
14,1,3,26,8,3,3.86,3,4,0.308,0.379,0.346,138,115,71,72,-0.227,1.08,,-0.7,8,0,15,7,5,-0.272
15,1,3,34,7,1,1.0,4,9,0.206,0.308,0.294,134,165,105,85,-0.239,1.62,,-1.8,8,2,13,12,6,-0.261
16,1,8,40,16,8,7.0,8,8,0.4,0.5,0.575,162,199,119,102,0.437,1.59,,2.8,14,1,15,17,12,0.063
17,1,8,36,9,7,7.0,6,9,0.25,0.357,0.444,134,172,102,85,0.173,0.9,,2.8,10,0,11,16,8,0.327
18,1,9,39,15,8,9.0,2,7,0.385,0.415,0.744,140,132,86,104,0.358,0.5,,3.8,12,1,16,16,7,0.143
19,1,17,47,19,16,12.0,5,13,0.404,0.453,0.745,171,204,122,106,0.669,0.65,,11.8,9,0,16,19,11,-0.168
20,0,4,29,5,4,4.0,7,9,0.172,0.324,0.345,149,174,97,91,0.06,0.78,,-0.8,7,6,7,14,7,-0.558
21,1,3,38,11,2,2.0,5,13,0.289,0.372,0.5,144,181,109,101,-0.008,1.56,,-1.8,9,0,7,18,9,0.507
22,1,7,30,9,6,5.62,4,9,0.3,0.371,0.533,119,130,75,78,0.57,1.13,,2.1,6,3,7,15,4,-0.071
23,1,6,34,9,5,5.0,1,7,0.265,0.286,0.559,158,141,87,95,0.206,1.11,,1.1,8,2,11,16,9,0.294
24,1,4,35,8,4,3.0,2,12,0.229,0.289,0.429,138,150,102,84,0.106,1.69,,-0.9,3,1,15,8,6,0.395
25,1,10,34,8,10,10.0,6,11,0.235,0.341,0.5,172,161,103,115,0.638,0.87,,5.1,9,2,6,18,9,-0.138
26,0,6,35,10,6,4.5,2,9,0.286,0.316,0.543,176,135,89,105,0.081,1.79,,0.0,10,2,10,18,14,0.419
27,1,1,33,5,1,0.9,6,8,0.152,0.282,0.152,165,156,98,107,-0.879,1.7,,-5.0,8,0,15,10,6,0.381
28,1,4,33,6,4,4.0,5,5,0.182,0.289,0.485,159,138,81,90,-0.325,1.08,,-0.8,5,0,10,18,8,-0.186
29,0,6,34,7,6,4.0,4,10,0.206,0.289,0.471,170,160,104,100,0.363,1.56,,1.2,16,2,14,10,6,0.138
30,1,2,34,7,2,2.0,1,15,0.206,0.229,0.294,138,129,96,84,-0.396,0.76,,-2.8,1,2,11,8,5,-0.103
31,1,3,34,8,2,1.0,2,9,0.235,0.278,0.265,175,151,107,104,-0.335,1.31,,-1.8,4,2,13,13,5,-0.166
32,1,2,35,10,2,2.0,3,13,0.286,0.342,0.286,112,135,90,77,-0.172,1.2,,-2.5,9,0,16,6,6,0.673
33,1,4,35,8,4,4.0,2,7,0.229,0.27,0.314,125,137,87,78,0.008,0.97,,-0.5,6,0,16,12,6,0.494
34,1,12,41,13,11,9.0,5,3,0.317,0.404,0.732,147,178,107,86,0.362,0.33,,7.5,13,3,18,20,7,0.137
35,1,5,37,11,5,5.0,7,10,0.297,0.422,0.486,143,179,109,90,0.151,0.92,,0.1,6,2,5,22,13,0.347
36,0,3,30,4,3,3.0,1,11,0.133,0.188,0.367,112,136,88,76,-0.278,0.78,,-1.9,7,2,6,13,10,-0.224
37,1,5,35,8,5,5.0,5,9,0.229,0.341,0.543,151,168,105,90,0.225,0.65,,0.1,10,1,11,15,9,0.274
38,1,4,35,8,4,4.0,2,8,0.229,0.27,0.457,150,136,86,91,-0.331,1.19,,-0.8,7,1,18,9,6,-0.168
39,0,7,35,8,5,6.0,5,10,0.229,0.325,0.371,158,148,92,100,0.24,0.64,,2.2,11,0,15,10,5,0.26
40,1,4,36,8,4,2.7,5,12,0.222,0.317,0.389,155,175,108,100,-0.291,1.44,,-2.0,4,3,11,13,5,-0.209
41,0,1,35,8,1,1.0,3,11,0.229,0.289,0.4,107,151,97,75,-0.339,0.49,,-4.1,9,0,5,19,9,-0.16
42,0,3,33,6,2,3.0,3,12,0.182,0.27,0.212,160,153,94,103,-0.303,0.77,,-2.1,10,0,9,12,4,-0.196
43,0,4,34,8,4,4.0,3,13,0.235,0.297,0.412,166,140,93,100,0.054,1.85,,-0.8,7,2,11,10,4,0.445
44,1,1,35,11,1,1.0,2,6,0.314,0.351,0.4,174,163,99,100,-0.31,0.51,,-3.8,9,3,14,15,10,-0.191
45,1,4,34,7,4,4.0,1,10,0.206,0.229,0.412,126,123,88,81,-0.189,0.9,,-0.8,5,2,9,15,6,-0.312
46,0,6,37,11,6,6.0,2,6,0.297,0.35,0.514,162,150,102,106,0.332,1.14,,1.2,9,1,17,14,6,0.167
47,1,1,32,7,1,1.0,2,8,0.219,0.286,0.25,155,140,85,91,-0.315,0.59,,-3.8,7,1,12,13,6,-0.184
48,0,4,36,7,4,2.7,2,10,0.194,0.237,0.361,171,153,106,107,0.092,1.61,,-2.0,6,1,18,8,4,0.409
49,1,3,24,4,3,3.86,5,8,0.167,0.3,0.333,107,129,76,64,0.174,1.92,,-0.8,13,0,5,12,6,0.327
50,0,6,31,10,6,7.71,2,9,0.323,0.382,0.581,124,126,80,80,0.373,1.05,,2.2,3,3,11,11,7,-0.872
51,1,2,32,5,2,2.0,6,9,0.156,0.308,0.219,145,147,83,100,-0.265,1.46,,-2.9,6,1,13,10,6,0.766
52,1,3,35,9,3,3.0,2,9,0.257,0.297,0.457,154,140,91,95,-0.051,1.43,,-1.9,10,0,10,16,9,0.549
53,0,1,32,4,1,1.0,0,16,0.125,0.176,0.219,109,141,95,82,-0.668,0.75,,-3.9,3,0,10,6,5,0.167
54,1,2,30,5,2,2.0,4,16,0.167,0.257,0.333,119,149,93,79,-0.191,1.53,,-2.4,8,0,4,11,4,0.693
55,0,2,32,5,1,1.0,1,12,0.156,0.182,0.25,151,135,92,94,-0.322,0.8,,-2.4,12,3,10,10,4,-0.178
56,1,8,37,11,8,8.0,3,10,0.297,0.35,0.676,124,140,88,84,0.3,0.77,,3.6,6,3,12,15,5,0.199
57,1,4,33,7,3,3.0,3,13,0.212,0.278,0.303,162,150,98,102,-0.151,1.57,,-0.8,6,1,10,10,3,-0.348
58,1,3,37,12,2,2.0,1,8,0.324,0.342,0.432,133,129,90,85,-0.36,1.08,,-1.8,12,0,16,13,6,-0.14
59,1,0,32,6,0,0.0,1,5,0.188,0.212,0.219,160,131,79,99,-0.349,0.59,,-4.8,11,0,21,6,2,-0.153
60,0,10,37,11,10,10.0,5,9,0.297,0.372,0.459,152,175,110,104,0.522,0.85,,5.2,7,1,15,14,4,-0.022
61,1,3,33,6,3,3.0,2,5,0.182,0.229,0.273,171,144,90,113,-0.24,0.6,,-1.8,12,5,17,11,5,-0.261
62,0,14,40,13,14,14.0,4,7,0.325,0.413,0.7,165,172,105,106,0.435,0.11,,9.2,8,1,10,23,12,0.066
63,0,3,38,11,3,3.0,2,14,0.289,0.341,0.447,159,163,108,91,-0.426,0.63,,-2.2,6,2,12,12,7,-0.072
64,0,3,35,8,3,3.0,0,7,0.229,0.229,0.429,125,135,94,72,-0.33,0.56,,-2.2,10,1,12,16,8,-0.17
65,1,4,30,5,4,3.0,1,11,0.167,0.206,0.233,143,130,88,90,-0.109,1.19,,-1.2,10,0,6,15,9,0.608
66,1,3,31,4,3,2.0,2,7,0.129,0.229,0.258,141,145,94,89,-0.146,1.48,,-2.0,11,1,14,10,4,0.645
67,1,11,49,21,9,8.0,4,6,0.429,0.472,0.633,173,169,104,104,0.264,0.73,,6.0,6,1,20,23,15,0.174
68,1,9,39,14,7,6.0,6,6,0.359,0.444,0.385,111,169,112,73,0.373,0.86,,4.0,7,1,14,19,14,0.128
69,1,6,37,12,5,6.0,4,12,0.324,0.395,0.541,146,181,104,101,0.133,1.41,,1.2,12,0,13,13,6,0.172
70,1,3,37,10,3,2.0,2,12,0.27,0.308,0.351,158,144,98,94,-0.059,1.98,,-1.8,11,1,14,11,6,0.561
71,0,1,32,5,1,1.0,1,11,0.156,0.182,0.156,113,117,73,77,-0.366,1.59,,-3.8,11,0,12,9,6,0.866
72,0,8,40,13,8,7.0,7,10,0.325,0.44,0.475,166,212,119,103,0.323,0.77,,3.2,4,1,9,22,16,0.177
73,1,0,28,4,0,0.0,8,6,0.143,0.351,0.143,114,164,90,73,-0.679,0.77,,-4.8,8,1,12,10,7,0.18
74,0,7,35,10,5,7.0,5,12,0.286,0.375,0.571,144,176,108,100,0.225,0.53,,2.2,6,1,6,17,7,0.237
75,0,5,35,7,5,3.6,6,12,0.2,0.333,0.314,164,151,96,99,0.077,1.63,,-1.0,7,2,12,12,7,0.424
76,0,1,36,9,1,1.0,1,6,0.25,0.27,0.306,129,155,98,85,-0.405,0.8,,-4.1,14,2,19,11,5,-0.096
77,1,8,34,8,8,8.0,3,5,0.235,0.316,0.471,142,138,89,86,0.331,0.58,,2.9,9,1,16,13,5,0.17
78,1,7,38,10,7,7.0,4,13,0.263,0.333,0.526,155,157,105,105,0.392,1.37,,1.9,8,2,10,15,10,0.11
79,0,5,28,8,4,5.14,2,6,0.286,0.375,0.321,95,126,78,63,0.3,0.63,,1.2,7,0,10,12,5,0.199
80,0,6,29,9,6,7.71,2,6,0.31,0.364,0.586,108,147,96,61,0.475,1.07,,2.2,7,2,14,10,6,0.024
81,1,2,33,6,2,2.0,3,5,0.182,0.25,0.182,118,135,83,74,-0.323,0.66,,-2.8,9,4,13,15,9,-0.177
82,1,2,34,7,2,2.0,3,13,0.206,0.27,0.206,173,160,94,107,-0.277,0.51,,-2.8,9,6,12,9,7,-0.222
83,1,4,33,8,2,3.0,3,6,0.242,0.297,0.394,152,152,90,94,-0.112,0.59,,-0.8,11,1,7,21,10,-0.389
84,1,3,31,5,3,3.0,2,11,0.161,0.212,0.29,117,131,85,83,-0.243,1.06,,-1.8,6,3,9,11,7,-0.257
85,1,0,32,5,0,0.0,1,15,0.156,0.182,0.188,166,140,93,102,-0.258,0.45,,-4.8,10,2,10,7,4,-0.243
86,1,10,40,12,10,10.0,1,12,0.3,0.317,0.775,129,170,107,87,0.337,0.25,,5.1,11,0,14,14,7,0.163
87,1,7,39,14,7,7.0,3,9,0.359,0.405,0.821,150,167,111,92,0.179,1.24,,2.1,10,0,12,18,9,0.32
88,0,1,33,7,1,1.0,5,13,0.212,0.316,0.303,123,153,98,74,-0.61,1.23,,-3.9,8,1,8,12,6,0.109
89,1,0,27,0,0,0.0,1,13,0.0,0.036,0.0,123,101,74,80,-0.329,0.65,,-4.8,8,0,6,8,2,-0.171
90,1,3,32,6,3,3.0,3,10,0.188,0.257,0.281,116,150,92,78,-0.207,0.34,,-1.8,14,4,11,12,10,-0.292
91,1,5,36,11,4,4.0,6,7,0.306,0.405,0.528,173,168,102,112,0.157,1.32,,0.2,6,3,13,17,7,-0.657
92,0,9,36,11,9,9.0,7,9,0.306,0.419,0.722,165,188,107,108,0.503,0.9,,4.2,13,1,9,18,8,-0.003
93,1,2,33,5,2,1.8,5,13,0.152,0.263,0.273,165,170,100,107,-0.675,1.43,,-4.0,7,1,12,8,4,0.173
94,1,8,39,11,8,5.0,6,9,0.282,0.378,0.436,157,185,117,107,0.498,0.92,,3.0,4,1,11,19,12,0.003
95,0,2,33,7,2,2.0,1,8,0.212,0.235,0.242,141,133,94,88,-0.483,1.34,,-3.0,9,0,12,13,7,-0.017
96,0,1,32,4,1,1.0,2,11,0.125,0.2,0.156,181,136,91,106,-0.211,0.52,,-4.0,8,3,13,8,6,-0.289
97,1,11,37,13,10,11.0,5,6,0.351,0.432,0.622,168,160,103,102,0.512,0.7,,6.0,12,1,11,21,11,-0.013
98,1,7,38,14,6,7.0,3,9,0.368,0.409,0.421,161,166,110,107,0.37,1.18,,2.0,9,0,16,15,11,0.13
99,1,5,33,5,5,2.0,1,7,0.152,0.176,0.364,150,134,96,104,0.144,1.04,,-0.0,8,1,10,16,7,0.355
100,1,8,39,13,8,8.0,6,8,0.333,0.435,0.538,116,176,101,78,0.132,0.97,,3.0,10,1,11,20,12,0.37
101,0,4,35,10,3,3.0,3,13,0.286,0.342,0.486,145,147,99,92,-0.067,1.73,,-0.6,10,0,9,13,10,-0.435
102,1,8,37,11,8,8.0,3,10,0.297,0.341,0.514,137,163,106,85,0.274,0.38,,3.4,10,0,14,14,11,0.226
103,1,3,32,5,3,3.0,4,10,0.156,0.243,0.156,119,163,105,75,-0.351,0.95,,-1.8,9,1,11,12,4,-0.15
104,1,0,31,5,0,0.0,1,3,0.161,0.188,0.194,178,117,79,112,-0.175,0.4,,-4.8,5,2,13,15,5,-0.326
105,1,2,32,6,2,2.0,3,8,0.188,0.257,0.25,145,155,99,95,-0.298,0.69,,-2.8,10,1,11,13,8,-0.205
106,1,1,33,8,1,1.0,10,8,0.242,0.419,0.364,166,187,110,104,-0.515,1.27,,-3.8,5,0,11,14,6,0.015
107,1,2,31,4,2,1.0,3,11,0.129,0.229,0.258,164,136,83,98,-0.236,0.78,,-2.8,7,2,4,16,7,-0.264
108,0,5,32,7,5,5.0,4,5,0.219,0.306,0.531,138,140,91,86,0.083,0.87,,0.2,7,1,14,13,5,0.418
109,1,3,35,8,3,3.0,1,10,0.229,0.25,0.486,160,129,92,104,-0.276,1.66,,-1.8,6,2,4,21,10,-0.223
110,0,1,30,4,1,1.0,3,10,0.133,0.235,0.167,153,150,98,92,-0.229,0.3,,-3.9,5,4,12,8,3,-0.271
111,1,5,35,8,5,5.0,2,8,0.229,0.27,0.714,138,148,93,85,0.018,1.13,,0.1,4,0,8,19,4,0.482
112,0,3,32,6,3,3.0,4,14,0.188,0.297,0.313,186,171,104,102,-0.235,0.82,,-1.9,5,1,9,9,4,-0.265
113,0,4,36,9,4,4.0,4,13,0.25,0.325,0.361,148,162,106,91,-0.102,0.59,,-1.2,8,2,12,11,2,-0.399
114,0,3,36,8,3,1.8,2,10,0.222,0.263,0.389,171,135,87,108,-0.318,1.5,,-3.4,10,2,12,14,8,-0.182
115,0,2,32,4,2,1.0,3,16,0.125,0.194,0.219,161,158,98,99,-0.402,1.27,,-3.2,4,2,13,4,2,-0.098
116,0,4,30,4,4,4.0,2,10,0.133,0.188,0.333,136,126,82,82,-0.219,1.49,,-1.2,11,0,11,9,3,-0.281
117,0,10,36,10,8,8.0,4,7,0.278,0.381,0.722,117,168,100,80,0.278,0.54,,5.2,8,0,11,18,4,0.223
118,1,5,31,5,4,4.0,4,8,0.161,0.278,0.258,168,135,79,92,0.136,0.97,,0.2,9,2,14,9,1,-0.636
119,0,10,35,8,8,9.0,7,9,0.229,0.372,0.486,178,163,93,108,0.365,0.48,,5.2,9,2,14,12,3,0.136
120,0,1,32,8,1,1.0,0,8,0.25,0.242,0.25,149,108,81,86,-0.331,1.05,,-3.6,12,1,14,11,4,-0.17
121,0,1,31,4,1,1.0,1,9,0.129,0.156,0.226,151,122,83,88,-0.264,0.65,,-3.6,8,2,11,11,3,-0.236
122,1,5,33,7,4,5.0,4,13,0.212,0.316,0.364,148,158,100,88,0.229,1.33,,0.4,9,1,12,8,6,0.272
123,1,3,34,9,3,3.0,5,4,0.265,0.359,0.265,141,148,96,86,-0.016,1.57,,-1.6,6,0,11,19,12,0.515
124,0,5,32,5,5,5.0,1,5,0.156,0.206,0.344,128,141,88,85,0.207,1.29,,0.5,8,0,11,16,5,0.292
125,1,6,32,9,6,6.0,7,6,0.281,0.425,0.469,147,159,97,95,0.239,1.09,,1.5,7,4,12,14,9,-0.74
126,0,12,44,14,11,9.9,2,15,0.318,0.362,0.523,187,171,110,116,0.578,1.6,,6.4,3,0,15,15,9,-0.076
127,1,2,34,6,2,1.0,4,11,0.176,0.282,0.324,142,150,92,90,-0.123,0.83,,-2.5,7,1,15,8,4,-0.377
128,1,3,32,7,3,3.0,4,13,0.219,0.306,0.375,159,151,101,85,-0.226,0.76,,-1.5,11,0,9,10,8,-0.272
129,0,9,35,9,9,9.0,7,3,0.257,0.372,0.486,153,148,83,96,0.654,1.07,,4.5,7,2,9,24,8,-0.152
130,0,6,34,9,5,5.0,1,8,0.265,0.316,0.559,139,135,83,90,-0.117,1.14,,0.4,8,2,11,16,10,-0.383
131,0,2,32,7,2,2.0,1,9,0.219,0.242,0.25,130,119,87,93,-0.393,0.72,,-3.6,4,1,12,11,4,-0.107
132,1,4,34,7,4,3.0,0,5,0.206,0.206,0.353,132,122,85,90,-0.081,1.68,,-1.6,9,1,14,15,6,0.58
133,0,4,34,11,4,4.0,3,4,0.324,0.378,0.471,143,139,84,84,-0.088,1.01,,-1.6,8,3,17,13,7,-0.412
134,0,2,34,8,2,2.0,2,10,0.235,0.278,0.441,156,159,109,94,-0.189,0.53,,-2.6,4,4,9,15,10,-0.311
135,1,5,36,10,5,5.0,2,12,0.278,0.308,0.583,130,151,107,76,0.04,1.29,,0.4,5,1,12,13,7,0.46
136,0,2,29,2,2,2.0,4,11,0.069,0.206,0.069,115,124,75,81,-0.212,1.03,,-2.6,4,2,5,13,2,-0.29
137,0,4,33,6,4,4.0,1,6,0.182,0.229,0.333,151,135,87,99,-0.269,0.51,,-1.1,10,1,16,11,7,-0.23
138,1,7,40,12,7,5.4,5,8,0.3,0.378,0.45,171,185,115,97,0.071,1.19,,0.7,13,1,15,18,8,0.431
139,0,1,34,7,1,1.0,1,9,0.206,0.229,0.265,174,133,87,107,-0.33,1.11,,-4.1,6,1,8,17,8,-0.171
140,0,8,37,8,8,6.3,3,7,0.216,0.286,0.459,164,166,101,108,0.185,1.12,,2.4,11,3,13,18,8,0.313
141,0,7,37,10,7,7.0,5,14,0.27,0.357,0.649,156,189,113,101,0.7,1.11,,2.5,9,1,5,18,7,-0.198
142,0,15,41,17,14,15.0,7,8,0.415,0.5,0.829,149,191,114,93,0.513,0.45,,10.5,5,2,8,25,18,-0.015
143,0,6,35,10,6,6.0,1,5,0.286,0.316,0.457,140,159,100,99,0.283,1.75,,1.1,5,2,10,21,10,-0.783
144,1,8,37,10,8,8.0,5,9,0.27,0.372,0.568,143,159,93,89,0.29,0.66,,3.1,12,1,10,18,7,0.211
145,1,2,33,6,2,2.0,3,13,0.182,0.25,0.273,127,168,106,84,-0.243,0.57,,-2.5,4,2,10,10,5,-0.256
146,1,5,37,10,5,5.0,5,12,0.27,0.357,0.432,166,183,114,104,-0.045,0.46,,0.5,9,2,11,14,10,-0.456
147,1,2,33,7,2,2.0,0,10,0.212,0.212,0.303,158,134,93,107,-0.217,1.01,,-2.5,9,2,12,11,8,-0.283
148,1,1,31,3,1,0.0,0,4,0.097,0.125,0.161,148,103,69,84,-0.295,0.93,,-3.5,7,0,9,18,7,-0.204
149,1,1,31,5,1,1.0,3,10,0.161,0.25,0.194,127,147,95,87,-0.314,0.86,,-3.5,7,2,9,13,2,-0.186
150,1,8,45,12,6,4.91,5,13,0.267,0.34,0.467,168,199,122,120,0.296,2.21,,1.3,7,3,13,19,11,-0.857
151,0,7,30,11,7,9.0,3,7,0.367,0.457,0.533,93,130,78,65,0.242,0.76,,3.5,7,0,14,9,6,0.258
152,0,2,23,3,2,2.57,3,8,0.13,0.259,0.348,104,122,67,67,-0.027,1.68,,-1.5,9,0,7,8,4,0.528
153,0,4,34,9,4,4.0,1,6,0.265,0.306,0.529,151,121,84,94,-0.28,0.53,,-0.8,6,0,13,15,9,-0.22
154,1,5,39,13,5,5.0,4,13,0.333,0.395,0.538,138,167,107,85,0.09,1.09,,0.2,10,1,8,18,12,0.41
155,1,4,34,7,4,4.0,1,14,0.206,0.25,0.324,134,146,102,85,0.126,1.21,,-0.8,16,1,8,12,8,0.375
156,1,23,52,27,23,23.0,5,6,0.519,0.559,0.942,162,227,151,104,0.39,0.2,,17.4,9,2,17,30,24,0.111
157,0,6,40,13,6,5.0,3,12,0.325,0.4,0.425,165,177,120,110,0.119,1.09,,0.4,8,2,15,13,8,-0.62
158,0,6,37,12,6,6.0,2,4,0.324,0.35,0.514,177,146,94,104,0.28,1.98,,1.5,11,1,9,26,10,0.22
159,1,3,31,6,3,3.0,4,8,0.194,0.278,0.323,143,142,87,94,-0.414,0.85,,-1.5,5,2,10,14,6,-0.086
160,1,2,33,8,2,2.0,3,13,0.242,0.297,0.364,128,163,105,83,-0.323,0.94,,-2.5,11,3,8,13,7,-0.176
161,1,2,31,3,2,2.0,5,12,0.097,0.222,0.226,127,157,94,82,-0.309,0.97,,-2.5,8,0,12,7,2,-0.191
162,1,5,34,10,5,5.0,4,8,0.294,0.4,0.412,142,166,100,90,-0.197,0.87,,0.5,6,3,12,14,10,-0.303
163,1,1,31,5,1,1.0,3,8,0.161,0.229,0.226,161,161,99,108,-0.241,0.41,,-3.5,5,1,8,16,9,-0.26
164,0,1,32,8,1,1.0,1,14,0.25,0.273,0.406,121,148,98,82,-0.227,0.44,,-3.5,2,2,8,10,8,-0.273
165,0,0,22,2,0,0.0,1,7,0.091,0.13,0.136,115,99,60,70,-0.263,0.61,,-3.5,6,0,7,8,2,-0.239
166,0,1,24,3,1,1.29,2,6,0.125,0.222,0.167,102,98,59,55,-0.358,1.19,,-2.5,7,1,10,8,3,-0.142
167,0,9,41,15,8,8.0,3,8,0.366,0.409,0.683,182,172,115,103,0.339,0.58,,4.5,5,0,14,19,12,0.162
168,0,6,32,9,6,6.0,7,4,0.281,0.429,0.469,181,164,93,109,0.438,1.52,,1.5,4,0,10,19,10,0.062
169,0,0,30,3,0,0.0,5,11,0.1,0.229,0.133,155,146,97,89,-0.245,0.5,,-4.7,7,1,8,11,3,-0.254
170,0,0,32,6,0,0.0,0,9,0.188,0.188,0.188,134,122,83,80,-0.476,0.64,,-4.7,9,1,15,8,4,-0.023
171,1,14,41,15,14,14.0,8,14,0.366,0.469,0.61,142,193,113,94,0.257,0.54,,9.3,7,0,5,22,9,0.242
172,0,7,36,9,6,7.0,4,11,0.25,0.341,0.361,167,180,112,108,0.275,0.51,,2.5,12,1,12,13,8,0.227
173,1,2,34,8,2,2.0,3,10,0.235,0.297,0.265,154,165,106,89,-0.213,0.74,,-2.5,9,2,10,14,7,-0.287
174,1,2,35,9,2,2.0,1,3,0.257,0.278,0.371,169,128,86,98,-0.134,0.87,,-2.5,7,2,19,13,9,-0.365
175,0,5,44,13,5,3.27,2,16,0.295,0.333,0.341,156,201,134,101,-0.262,1.88,,-1.7,13,1,16,13,5,0.762
176,1,4,26,6,3,3.86,5,4,0.231,0.344,0.385,117,120,75,78,-0.185,0.83,,0.5,6,3,7,16,6,-0.315
177,1,5,25,3,4,5.14,4,9,0.12,0.241,0.28,108,119,80,68,0.485,1.62,,1.5,3,2,8,8,2,-0.985
178,0,6,35,9,6,6.0,1,8,0.257,0.27,0.514,145,137,94,91,0.196,1.33,,1.5,8,0,12,16,9,0.305
179,0,5,36,8,5,2.0,3,14,0.222,0.275,0.417,151,166,113,93,0.097,1.43,,0.5,8,3,11,12,3,0.403
180,1,1,32,8,1,1.0,0,8,0.25,0.242,0.25,149,108,81,86,-0.331,1.05,,-3.6,12,1,14,11,4,-0.17
181,1,1,31,4,1,1.0,1,9,0.129,0.156,0.226,151,122,83,88,-0.264,0.65,,-3.6,8,2,11,11,3,-0.236
182,0,5,33,7,4,5.0,4,13,0.212,0.316,0.364,148,158,100,88,0.229,1.33,,0.4,9,1,12,8,6,0.272
183,0,3,34,9,3,3.0,5,4,0.265,0.359,0.265,141,148,96,86,-0.016,1.57,,-1.6,6,0,11,19,12,0.515
184,1,5,37,10,4,4.0,6,5,0.27,0.372,0.297,143,155,83,92,0.215,0.89,,-0.1,10,1,18,14,10,0.286
185,1,4,44,5,4,1.38,3,13,0.114,0.17,0.295,222,167,109,145,-0.961,2.19,,-5.9,11,0,10,21,6,1.459
186,1,6,32,7,6,6.0,8,7,0.219,0.366,0.531,143,170,95,90,0.23,0.73,,1.2,7,1,13,13,7,0.272
187,0,3,35,9,3,3.0,2,15,0.257,0.316,0.486,150,153,110,92,-0.112,1.62,,-1.8,13,0,9,12,7,-0.388
188,1,11,39,11,11,11.0,4,9,0.282,0.349,0.692,129,157,95,83,0.458,0.6,,6.2,9,0,13,17,10,0.043
189,1,3,36,9,3,3.0,0,9,0.25,0.25,0.444,147,127,83,98,-0.001,0.97,,-1.8,10,0,10,17,12,0.501
190,0,4,32,6,4,4.0,2,10,0.188,0.235,0.438,134,133,81,78,-0.179,0.86,,-0.5,13,3,12,10,3,-0.321
191,1,5,34,6,4,3.0,4,5,0.176,0.317,0.294,129,148,92,91,0.192,1.02,,0.5,8,1,13,16,8,0.308
192,1,7,34,8,7,7.0,2,7,0.235,0.278,0.529,159,142,89,105,0.273,1.33,,2.5,7,2,10,17,5,0.229
193,1,2,34,8,2,2.0,2,10,0.235,0.278,0.441,156,159,109,94,-0.189,0.53,,-2.6,4,4,9,15,10,-0.311
194,0,5,36,10,5,5.0,2,12,0.278,0.308,0.583,130,151,107,76,0.04,1.29,,0.4,5,1,12,13,7,0.46
195,1,2,29,2,2,2.0,4,11,0.069,0.206,0.069,115,124,75,81,-0.212,1.03,,-2.6,4,2,5,13,2,-0.29
196,0,2,29,6,2,2.0,4,4,0.207,0.303,0.345,145,124,75,89,-0.19,1.63,,-2.6,7,0,12,14,5,0.691
197,0,6,34,10,5,2.0,2,4,0.294,0.333,0.5,144,129,88,96,0.339,0.54,,1.4,10,0,15,17,10,0.161
198,1,0,32,6,0,0.0,4,14,0.188,0.278,0.219,105,156,96,71,-0.497,0.71,,-4.6,9,1,8,10,6,-0.004
199,1,2,33,6,2,2.0,1,6,0.182,0.206,0.394,151,137,95,99,0.004,0.29,,-2.6,8,6,8,19,8,-0.503
200,1,7,36,9,7,6.0,2,9,0.25,0.289,0.444,144,133,91,94,0.21,0.65,,2.1,14,1,17,10,4,0.289
201,1,6,39,11,6,4.5,5,9,0.282,0.356,0.385,138,170,105,93,-0.057,1.48,,-0.0,8,1,12,19,9,0.557
202,1,8,36,10,8,8.0,1,11,0.278,0.297,0.639,153,142,91,103,0.371,0.63,,3.1,17,2,11,14,7,0.128
203,1,9,40,13,8,8.0,2,8,0.325,0.357,0.625,170,169,115,96,0.398,1.48,,4.4,7,3,8,24,12,-0.898
204,1,1,30,3,1,1.0,2,6,0.1,0.182,0.133,131,132,93,91,-0.523,1.24,,-3.6,3,0,11,13,6,0.023
205,0,4,35,7,4,4.0,3,11,0.2,0.263,0.486,162,150,96,102,-0.146,0.99,,-0.6,9,2,9,15,7,-0.354
206,1,6,34,7,4,6.0,5,7,0.206,0.308,0.353,125,152,87,84,0.241,0.56,,1.4,6,1,12,15,5,0.257
207,1,1,31,4,1,1.0,0,14,0.129,0.129,0.129,125,122,91,75,-0.313,0.69,,-3.6,10,0,7,10,3,-0.185
208,1,3,30,4,2,2.0,4,4,0.133,0.229,0.267,133,153,103,82,-0.375,1.42,,-1.6,16,2,20,8,7,-0.286
209,1,3,36,9,3,3.0,2,7,0.25,0.289,0.5,141,134,87,81,-0.109,0.38,,-1.6,8,7,13,16,8,-0.391
210,0,8,45,12,6,4.91,5,13,0.267,0.34,0.467,168,199,122,120,0.296,2.21,,1.3,7,3,13,19,11,-0.857
211,1,7,30,11,7,9.0,3,7,0.367,0.457,0.533,93,130,78,65,0.242,0.76,,3.5,7,0,14,9,6,0.258
212,1,2,23,3,2,2.57,3,8,0.13,0.259,0.348,104,122,67,67,-0.027,1.68,,-1.5,9,0,7,8,4,0.528
213,0,2,34,7,2,2.0,3,11,0.206,0.27,0.265,133,150,101,85,-0.226,0.74,,-3.5,8,1,10,13,6,-0.273
214,1,7,34,8,6,6.0,7,11,0.235,0.357,0.5,150,181,107,99,0.26,1.2,,1.5,12,2,8,16,6,0.239
215,1,7,36,11,7,7.0,6,14,0.306,0.409,0.583,147,199,114,90,0.231,1.12,,1.5,8,0,9,14,8,0.27
216,1,3,32,5,3,3.0,2,9,0.156,0.229,0.344,146,134,85,84,-0.26,0.87,,-1.6,5,0,12,11,4,-0.241
217,1,2,36,5,2,0.9,4,9,0.139,0.244,0.25,137,152,91,87,-0.27,1.65,,-3.7,12,1,10,17,4,-0.23
218,1,1,31,4,1,1.0,3,11,0.129,0.25,0.161,143,150,104,92,-0.365,0.54,,-3.6,2,1,15,5,2,-0.136
219,1,6,34,7,6,6.0,2,7,0.206,0.289,0.471,166,148,99,104,0.439,1.18,,1.4,8,5,16,11,1,-0.936
220,0,5,34,7,4,4.0,1,14,0.206,0.229,0.382,126,125,88,83,0.176,1.2,,0.4,7,0,9,11,7,0.324
221,0,7,38,12,7,7.0,4,11,0.316,0.381,0.526,164,169,115,97,0.621,1.55,,2.4,13,4,15,12,8,-0.121
222,1,10,41,10,9,7.2,12,9,0.244,0.426,0.415,181,217,123,119,0.423,1.11,,4.0,16,3,13,19,4,0.077
223,1,6,40,9,6,4.5,5,11,0.225,0.311,0.375,153,148,97,100,0.044,1.57,,0.0,10,0,9,20,9,0.456
224,0,2,34,9,2,2.0,7,7,0.265,0.39,0.471,138,173,108,96,-0.275,1.08,,-2.8,4,1,12,15,5,-0.227
225,0,7,36,12,7,7.0,4,6,0.333,0.39,0.417,142,148,105,89,0.664,0.59,,2.4,9,2,10,21,13,-0.164
226,1,1,31,4,1,1.0,1,10,0.129,0.182,0.258,131,136,96,88,-0.341,0.49,,-3.6,8,3,10,11,5,-0.158
227,0,2,30,4,1,1.0,4,14,0.133,0.235,0.2,139,141,96,101,-0.295,0.99,,-2.5,6,2,7,9,4,-0.205
228,1,3,34,9,3,3.0,1,9,0.265,0.286,0.353,125,151,98,86,-0.024,1.58,,-1.5,8,0,12,13,9,0.525
229,1,7,36,8,7,5.0,3,10,0.222,0.282,0.444,138,162,100,85,0.285,0.8,,2.5,11,2,12,14,6,0.184
230,1,9,36,11,7,8.0,6,7,0.306,0.419,0.556,117,161,95,81,0.275,0.69,,3.4,6,1,13,16,10,0.206
231,1,15,43,17,15,14.0,4,3,0.395,0.458,0.721,121,192,112,84,0.5,0.6,,9.4,13,1,23,17,12,0.003
232,1,6,33,7,4,5.0,3,3,0.212,0.297,0.485,114,144,84,81,0.116,0.82,,0.4,9,0,9,21,10,0.385
233,0,3,32,7,3,3.0,5,5,0.219,0.359,0.281,141,168,97,95,-0.425,0.73,,-2.6,4,0,15,12,9,-0.076
234,1,2,33,5,1,2.0,3,13,0.152,0.222,0.273,141,154,98,90,-0.123,0.52,,-2.6,10,4,8,12,6,-0.377
235,0,6,32,6,5,5.0,3,7,0.188,0.25,0.344,141,139,93,90,0.457,1.11,,1.4,7,3,7,19,7,0.042
236,1,1,29,3,1,1.0,3,16,0.103,0.188,0.207,134,140,96,80,-0.378,0.63,,-3.6,4,1,5,8,3,-0.122
237,1,5,38,12,5,2.0,0,10,0.316,0.316,0.605,163,165,116,99,0.06,0.82,,0.4,4,5,15,13,4,-0.561
238,1,6,37,11,6,5.0,2,9,0.297,0.325,0.432,163,150,95,102,-0.097,1.04,,1.4,6,3,13,16,8,-0.405
239,1,0,28,3,0,0.0,3,8,0.107,0.194,0.107,142,122,80,81,-0.365,0.49,,-4.6,7,2,15,5,3,-0.134
240,1,3,36,7,3,1.8,6,8,0.194,0.318,0.278,169,173,100,98,-0.279,1.78,,-2.9,4,2,14,15,9,-0.221
241,0,4,32,6,4,4.0,1,6,0.188,0.212,0.375,139,112,77,94,0.097,0.93,,-0.7,6,0,12,14,6,0.404
242,1,4,35,9,4,4.0,0,4,0.257,0.25,0.343,131,131,90,77,-0.261,0.62,,-0.7,8,1,13,19,6,-0.24
243,1,0,35,9,0,0.0,3,12,0.257,0.316,0.314,141,154,102,88,-0.444,0.53,,-4.7,2,1,10,13,8,-0.058
244,0,8,39,13,8,8.0,3,11,0.333,0.364,0.513,134,164,108,87,0.285,1.09,,3.3,10,0,11,19,9,0.215
245,0,5,34,10,5,5.0,4,8,0.294,0.359,0.324,151,148,104,98,-0.01,1.61,,0.3,9,1,9,19,9,0.51
246,0,3,29,3,3,3.0,4,8,0.103,0.206,0.207,141,129,76,92,-0.335,0.57,,-1.6,6,0,6,16,5,-0.165
247,1,3,34,6,3,1.8,4,15,0.176,0.263,0.324,145,160,99,91,-0.31,1.71,,-2.8,8,0,6,13,8,0.809
248,1,3,31,5,3,3.0,5,11,0.161,0.297,0.29,152,178,101,96,-0.016,1.63,,-1.6,8,1,7,13,4,0.514
249,1,11,37,12,10,11.0,11,9,0.324,0.51,0.459,121,212,120,86,0.398,0.65,,6.4,8,0,15,13,7,0.103
250,1,1,30,5,1,1.0,2,9,0.167,0.219,0.233,148,122,83,91,-0.496,1.71,,-3.7,6,2,12,9,3,-0.005
251,1,4,33,7,4,4.0,1,13,0.212,0.229,0.364,149,141,91,97,-0.108,0.88,,-0.7,7,4,9,12,6,-0.392
252,1,4,37,12,4,4.0,2,5,0.324,0.359,0.568,125,121,77,77,-0.262,0.68,,-0.7,5,1,15,17,9,-0.238
253,1,2,45,7,2,0.69,4,9,0.156,0.224,0.2,201,161,102,120,-1.408,2.64,,-7.3,9,1,13,24,12,0.907
254,1,1,32,5,1,1.0,0,7,0.156,0.156,0.219,118,110,78,77,-0.559,0.7,,-3.7,14,2,12,13,5,0.06
255,1,2,31,6,2,2.0,3,10,0.194,0.265,0.355,150,139,93,93,-0.23,0.48,,-2.7,5,3,10,11,6,-0.27
256,0,9,35,9,7,8.0,7,7,0.257,0.395,0.486,166,185,104,97,0.158,1.26,,4.1,14,4,11,17,8,-0.657
257,0,0,31,5,0,0.0,2,13,0.161,0.235,0.194,154,139,91,97,-0.291,0.47,,-4.9,2,4,9,9,4,-0.21
258,1,8,36,9,8,8.0,6,8,0.25,0.357,0.611,134,174,100,86,0.403,0.89,,3.1,7,2,11,17,8,0.099
259,1,8,37,8,8,6.3,3,7,0.216,0.286,0.459,164,166,101,108,0.185,1.12,,2.4,11,3,13,18,8,0.313
260,1,7,37,10,7,7.0,5,14,0.27,0.357,0.649,156,189,113,101,0.7,1.11,,2.5,9,1,5,18,7,-0.198
261,1,15,41,17,14,15.0,7,8,0.415,0.5,0.829,149,191,114,93,0.513,0.45,,10.5,5,2,8,25,18,-0.015
262,0,3,32,6,2,2.0,2,8,0.188,0.229,0.313,135,125,77,85,-0.267,1.25,,-1.8,9,1,12,13,8,-0.234
263,0,1,30,4,1,1.0,3,13,0.133,0.212,0.167,168,153,95,106,-0.069,0.35,,-3.8,5,2,6,11,4,-0.43
264,1,1,30,6,1,1.0,2,10,0.2,0.265,0.2,156,140,89,91,-0.332,0.52,,-3.7,6,1,8,13,5,-0.167
265,1,1,32,6,1,1.0,2,8,0.188,0.235,0.313,147,138,85,90,-0.432,0.52,,-3.7,11,3,12,12,5,-0.068
266,1,3,37,11,3,3.0,3,6,0.297,0.395,0.351,153,150,95,97,-0.317,0.55,,-1.7,4,1,10,21,9,-0.183
267,0,4,36,8,4,2.0,3,6,0.222,0.282,0.306,132,151,91,77,-0.047,1.37,,-0.7,5,1,15,16,8,0.548
268,1,4,39,9,4,3.6,7,10,0.231,0.348,0.308,167,187,111,109,-0.504,1.4,,-1.9,5,0,10,19,9,0.004
269,0,2,35,8,2,2.0,4,13,0.229,0.325,0.343,115,161,104,74,-0.639,0.89,,-3.5,7,1,8,14,7,0.138
270,1,10,34,8,9,10.0,5,10,0.235,0.381,0.471,142,170,100,93,0.358,0.89,,4.5,11,0,12,12,7,0.143
271,1,3,33,5,2,3.0,6,11,0.152,0.3,0.152,136,162,99,85,-0.102,1.17,,-2.5,5,0,10,12,6,0.603
272,0,2,25,6,2,1.29,1,8,0.24,0.269,0.32,99,101,66,60,-0.296,0.53,,-2.0,7,2,10,7,5,-0.202
273,0,3,26,6,3,3.86,1,10,0.231,0.259,0.538,129,119,77,78,-0.159,0.69,,-1.0,6,1,3,13,6,-0.34
274,0,7,40,11,7,7.0,0,8,0.275,0.293,0.575,121,159,94,71,0.185,0.67,,2.3,7,0,20,12,6,0.316
275,1,4,37,11,4,4.0,1,13,0.297,0.308,0.459,152,136,98,92,-0.244,0.45,,-0.7,9,1,11,14,9,-0.258
276,0,5,35,9,5,5.0,3,6,0.257,0.325,0.4,126,138,88,85,0.156,1.45,,0.3,5,1,19,11,9,0.342
277,1,0,33,7,0,0.0,1,4,0.212,0.235,0.212,169,104,66,98,-0.462,0.51,,-4.7,7,1,13,16,7,-0.039
278,0,4,29,8,4,5.14,2,6,0.276,0.323,0.483,106,116,74,69,0.326,1.33,,0.3,6,1,11,12,9,0.175
279,0,5,26,6,5,5.14,5,7,0.231,0.364,0.269,124,121,80,79,0.248,1.73,,1.3,4,1,9,11,4,0.252
280,1,2,31,4,2,2.0,1,9,0.129,0.156,0.323,158,126,78,91,-0.363,1.77,,-2.7,12,0,7,15,7,-0.138
281,1,1,28,2,0,1.0,1,5,0.071,0.103,0.107,135,85,57,78,-0.436,0.88,,-3.7,5,1,11,12,6,-0.063
282,1,10,38,12,10,10.0,7,6,0.316,0.404,0.579,154,176,101,93,0.429,0.43,,4.5,10,2,12,22,11,0.071
283,0,2,25,4,2,2.57,1,8,0.16,0.192,0.24,96,99,67,61,-0.224,0.41,,-2.3,7,2,8,9,3,-0.276
284,1,10,31,9,10,11.57,7,7,0.29,0.436,0.387,126,170,103,81,0.388,0.28,,5.7,8,1,11,13,5,0.111
285,0,3,33,6,3,3.0,3,13,0.182,0.25,0.364,131,144,97,93,-0.379,0.79,,-2.5,10,3,9,11,7,-0.122
286,0,5,28,6,5,6.43,1,8,0.214,0.313,0.464,115,121,78,70,0.014,1.58,,1.4,4,3,11,9,4,-0.516
287,1,9,32,11,9,11.57,5,2,0.344,0.447,0.594,102,142,86,65,0.327,0.37,,5.4,7,0,9,21,5,0.173
288,0,1,31,6,1,1.0,1,3,0.194,0.212,0.258,127,109,74,82,-0.539,0.93,,-4.6,8,1,15,14,7,0.039
289,1,3,31,6,3,3.0,4,9,0.194,0.286,0.258,131,140,86,89,-0.142,1.33,,-2.6,8,0,12,10,5,0.612
290,1,0,30,3,0,0.0,5,11,0.1,0.229,0.133,155,146,97,89,-0.245,0.5,,-4.7,7,1,8,11,3,-0.254
291,1,0,32,6,0,0.0,0,9,0.188,0.188,0.188,134,122,83,80,-0.476,0.64,,-4.7,9,1,15,8,4,-0.023
292,0,14,41,15,14,14.0,8,14,0.366,0.469,0.61,142,193,113,94,0.257,0.54,,9.3,7,0,5,22,9,0.242
293,0,2,33,5,1,2.0,3,13,0.152,0.222,0.273,141,154,98,90,-0.123,0.52,,-2.6,10,4,8,12,6,-0.377
294,1,6,32,6,5,5.0,3,7,0.188,0.25,0.344,141,139,93,90,0.457,1.11,,1.4,7,3,7,19,7,0.042
295,0,1,29,3,1,1.0,3,16,0.103,0.188,0.207,134,140,96,80,-0.378,0.63,,-3.6,4,1,5,8,3,-0.122
296,1,1,34,5,0,0.0,1,10,0.147,0.171,0.147,162,123,83,99,-0.656,1.83,,-4.9,15,1,12,12,2,0.156
297,0,5,30,7,5,4.5,1,10,0.233,0.258,0.367,122,120,80,73,0.086,1.69,,0.2,10,0,3,18,6,0.415
298,1,3,28,9,3,3.86,2,3,0.321,0.367,0.571,124,105,70,68,-0.05,0.62,,-0.7,5,3,11,14,7,-0.45
299,1,2,32,4,2,0.0,2,16,0.125,0.2,0.125,167,155,108,103,-0.276,0.97,,-2.7,7,1,7,9,3,-0.223
300,1,2,31,6,2,2.0,1,8,0.194,0.265,0.387,191,135,95,115,-0.21,0.39,,-3.2,7,0,14,9,6,-0.293
301,0,7,37,10,6,6.0,2,5,0.27,0.308,0.351,140,127,83,90,0.309,0.6,,1.8,6,1,13,19,10,0.191
302,0,7,33,10,7,7.0,8,4,0.303,0.429,0.576,124,167,103,83,0.237,0.9,,1.8,11,2,10,21,11,0.261
303,0,7,38,11,7,7.0,2,12,0.289,0.325,0.553,136,131,88,87,0.261,0.69,,1.8,13,2,12,14,8,0.24
304,0,8,37,10,8,8.0,4,9,0.27,0.372,0.432,132,141,94,81,0.244,0.86,,2.8,13,0,15,13,5,0.259
305,1,6,33,8,5,6.0,4,8,0.242,0.324,0.455,179,151,101,113,0.44,2.23,,1.6,7,2,12,14,5,0.061
306,1,4,34,9,4,4.0,4,9,0.265,0.359,0.441,164,179,114,98,0.035,2.14,,-0.4,8,0,11,14,6,0.464
307,0,1,30,5,1,1.0,2,9,0.167,0.242,0.267,156,141,95,93,-0.41,0.72,,-3.9,14,3,11,10,5,-0.09
308,0,2,33,6,1,1.0,4,12,0.182,0.27,0.212,147,144,89,89,-0.321,0.5,,-2.9,8,2,11,10,4,-0.179
309,0,7,37,10,6,5.0,1,11,0.27,0.289,0.595,158,157,107,92,0.3,1.35,,2.1,7,3,12,14,5,-0.802
310,0,1,36,8,1,1.0,1,10,0.222,0.243,0.361,136,150,106,85,-0.314,0.65,,-3.8,2,0,12,14,7,-0.188
311,1,5,36,10,5,5.0,1,11,0.278,0.333,0.5,150,140,105,86,0.135,0.91,,0.2,5,0,11,14,9,0.367
312,1,3,31,8,3,3.0,6,3,0.258,0.378,0.452,175,154,84,92,-0.379,0.97,,-2.2,6,3,15,13,5,-0.123
313,0,2,34,9,2,2.0,6,7,0.265,0.375,0.294,129,153,94,80,-0.185,1.47,,-3.2,11,0,12,15,6,0.686
314,1,3,34,6,3,3.0,1,15,0.176,0.2,0.382,136,130,93,89,-0.359,1.17,,-2.2,8,3,10,9,6,-0.142
315,0,8,40,16,8,7.0,8,8,0.4,0.5,0.575,162,199,119,102,0.437,1.59,,2.8,14,1,15,17,12,0.063
316,0,8,36,9,7,7.0,6,9,0.25,0.357,0.444,134,172,102,85,0.173,0.9,,2.8,10,0,11,16,8,0.327
317,0,9,39,15,8,9.0,2,7,0.385,0.415,0.744,140,132,86,104,0.358,0.5,,3.8,12,1,16,16,7,0.143
318,0,17,47,19,16,12.0,5,13,0.404,0.453,0.745,171,204,122,106,0.669,0.65,,11.8,9,0,16,19,11,-0.168
319,0,3,33,7,3,3.0,2,12,0.212,0.257,0.333,198,144,96,124,-0.258,0.68,,-1.9,5,1,9,12,4,-0.244
320,0,5,37,11,5,5.0,1,5,0.297,0.316,0.541,144,140,96,94,-0.066,0.61,,0.1,8,3,13,19,11,-0.435
321,0,2,31,5,1,1.0,4,8,0.161,0.257,0.323,143,145,87,87,-0.347,0.62,,-2.9,11,1,9,14,7,-0.152
322,0,3,35,8,3,3.0,2,9,0.229,0.289,0.343,134,141,93,73,-0.261,0.47,,-1.9,4,4,10,16,9,-0.239
323,0,13,44,16,13,13.0,3,10,0.364,0.429,0.705,174,206,129,113,0.616,0.58,,7.8,3,0,11,23,15,-0.116
324,1,3,30,3,3,3.0,6,12,0.1,0.243,0.167,157,165,99,94,-0.268,0.86,,-2.2,8,1,8,11,3,-0.233
325,1,7,39,12,7,7.0,4,9,0.308,0.372,0.462,123,198,124,83,0.08,0.93,,2.1,12,1,9,21,12,0.421
326,1,8,35,9,8,8.0,2,5,0.257,0.316,0.543,175,126,82,116,0.244,0.59,,3.1,8,3,18,12,6,0.258
327,0,4,37,8,4,2.7,6,7,0.216,0.326,0.378,154,171,103,101,-0.12,1.69,,-2.1,9,2,12,18,11,-0.382
328,0,4,33,6,4,4.0,4,7,0.182,0.27,0.394,160,134,85,102,-0.321,1.2,,-0.9,6,0,11,15,7,-0.178
329,1,9,38,13,9,8.0,3,6,0.342,0.395,0.474,171,165,101,102,0.64,1.01,,4.2,12,1,15,18,9,-0.14
330,0,1,29,3,1,1.0,3,7,0.103,0.188,0.241,152,133,86,90,-0.268,0.42,,-3.8,11,3,13,9,2,-0.232
331,0,10,40,16,9,10.0,2,2,0.4,0.442,0.75,152,180,112,97,0.301,0.46,,4.8,2,0,19,19,11,0.197
332,1,3,37,11,2,3.0,7,11,0.297,0.409,0.351,125,182,114,81,-0.37,0.6,,-2.2,8,2,14,12,7,-0.131
333,1,5,37,11,5,5.0,3,8,0.297,0.357,0.568,173,157,99,113,-0.154,0.42,,-0.2,9,4,12,18,9,-0.346
334,0,6,38,12,6,6.0,4,13,0.316,0.381,0.526,146,161,107,94,0.267,1.02,,0.8,10,0,9,16,14,0.233
335,0,10,41,14,10,10.0,2,7,0.341,0.386,0.61,144,154,94,90,0.263,0.9,,4.8,8,0,16,18,6,0.239
336,0,7,38,10,7,7.0,2,7,0.263,0.3,0.605,142,145,91,89,0.319,1.17,,1.8,8,1,11,20,6,0.181
337,0,6,36,7,5,4.5,7,11,0.194,0.341,0.389,168,168,94,106,0.04,1.34,,-0.4,7,1,11,14,4,0.461
338,0,8,30,11,7,6.43,3,7,0.367,0.412,0.633,123,129,78,78,0.446,2.15,,3.9,7,1,14,10,7,0.052
339,0,3,27,7,2,3.86,4,8,0.259,0.355,0.333,131,127,79,76,0.014,2.04,,-1.1,8,1,8,11,6,0.486
340,1,8,42,16,8,8.0,6,6,0.381,0.458,0.619,166,167,98,106,0.43,1.59,,2.8,7,5,16,20,14,-0.928
341,0,10,42,15,10,10.0,9,10,0.357,0.471,0.548,193,225,128,114,0.55,0.88,,4.8,8,4,13,19,10,-0.048
342,0,5,31,11,5,6.43,2,7,0.355,0.412,0.774,129,124,81,71,0.376,2.06,,1.2,9,1,10,14,8,-0.876
343,1,5,31,10,5,6.43,3,11,0.323,0.382,0.452,95,128,88,54,0.256,1.64,,1.2,7,0,11,9,5,0.244
344,1,4,34,8,4,4.0,3,13,0.235,0.297,0.412,166,140,93,100,0.054,1.85,,-0.8,7,2,11,10,4,0.445
345,0,1,35,11,1,1.0,2,6,0.314,0.351,0.4,174,163,99,100,-0.31,0.51,,-3.8,9,3,14,15,10,-0.191
346,0,4,34,7,4,4.0,1,10,0.206,0.229,0.412,126,123,88,81,-0.189,0.9,,-0.8,5,2,9,15,6,-0.312
347,1,6,37,11,6,6.0,2,6,0.297,0.35,0.514,162,150,102,106,0.332,1.14,,1.2,9,1,17,14,6,0.167
348,1,2,33,7,2,1.0,4,9,0.212,0.297,0.273,135,144,90,86,-0.153,1.07,,-2.5,5,0,13,11,6,0.652
349,0,4,36,10,4,4.0,4,12,0.278,0.357,0.444,148,173,115,91,-0.107,0.38,,-0.5,7,3,9,16,9,-0.393
350,1,5,34,10,5,5.0,3,11,0.294,0.351,0.382,136,154,103,92,0.066,1.39,,0.5,8,0,13,10,8,0.433
351,0,6,43,11,6,3.0,3,13,0.256,0.319,0.395,228,184,121,143,-0.369,1.89,,-2.9,12,1,13,17,13,0.869
352,0,8,33,11,8,5.0,6,7,0.333,0.415,0.455,124,167,92,81,0.243,0.38,,2.8,11,0,12,16,11,0.256
353,1,2,28,3,1,1.0,5,10,0.107,0.265,0.25,164,142,84,100,-0.228,0.42,,-3.2,7,4,11,7,4,-0.272
354,1,3,38,11,3,2.0,4,13,0.289,0.357,0.421,182,166,107,108,-0.096,0.77,,-2.2,5,1,9,16,7,-0.403
355,1,1,35,11,1,1.0,3,13,0.314,0.368,0.4,142,153,106,96,-0.188,0.44,,-4.2,8,0,13,9,6,-0.313
356,0,13,42,18,13,13.0,2,3,0.429,0.457,0.81,118,176,117,78,0.3,0.52,,7.8,16,0,17,24,13,0.2
357,0,7,38,7,6,4.09,7,7,0.184,0.304,0.263,200,144,89,130,0.408,2.29,,-0.4,3,2,18,15,9,-0.909
358,1,8,36,8,8,2.0,6,12,0.222,0.333,0.417,149,175,107,91,0.388,0.26,,3.0,9,1,10,14,3,0.113
359,1,9,42,15,9,9.0,4,11,0.357,0.426,0.69,153,186,121,100,0.205,1.1,,4.0,5,1,17,14,7,0.296
360,1,0,30,3,0,0.0,0,9,0.1,0.1,0.1,129,103,74,80,-0.54,0.64,,-4.9,11,2,13,8,4,0.038
361,0,8,38,11,8,8.0,2,11,0.289,0.357,0.553,174,158,98,110,0.418,0.89,,3.1,6,1,9,18,10,0.085
362,1,1,29,3,1,1.0,5,8,0.103,0.257,0.138,177,125,70,107,-0.301,0.47,,-3.9,2,3,10,11,6,-0.199
363,1,8,36,8,7,7.0,3,13,0.222,0.364,0.417,205,173,106,112,0.34,1.21,,3.1,5,1,10,13,6,0.161
364,1,8,37,12,8,8.0,3,10,0.324,0.366,0.649,133,165,100,83,0.28,0.85,,3.1,13,3,11,17,7,0.219
365,0,7,35,7,7,2.0,4,14,0.2,0.317,0.343,168,161,101,97,-0.263,0.51,,2.1,9,3,11,10,6,-0.238
366,1,3,33,7,3,3.0,1,8,0.212,0.235,0.424,183,138,90,105,-0.369,0.67,,-1.9,12,1,10,15,8,-0.13
367,1,3,32,6,3,3.0,3,13,0.188,0.257,0.344,135,147,90,81,-0.518,0.65,,-1.9,8,3,10,9,6,0.018
368,1,1,36,6,1,0.82,3,7,0.167,0.231,0.25,161,156,102,99,-1.217,1.68,,-6.2,11,0,18,13,8,0.717
369,1,0,31,5,0,0.0,3,6,0.161,0.235,0.194,138,133,86,89,-0.631,1.0,,-4.9,9,1,11,14,6,0.129
370,1,4,35,10,4,4.0,0,5,0.286,0.278,0.343,143,130,87,93,-0.356,0.7,,-0.9,9,3,14,17,10,-0.145
371,1,6,36,10,4,3.0,2,11,0.278,0.316,0.333,124,156,97,81,0.036,1.11,,1.0,10,0,14,11,7,0.463
372,0,2,33,7,2,2.0,2,11,0.212,0.278,0.212,161,132,92,108,-0.165,0.33,,-3.0,9,3,11,11,7,-0.337
373,1,7,34,11,6,7.0,4,5,0.324,0.415,0.471,136,193,116,88,0.152,0.67,,1.8,10,0,16,14,6,0.348
374,1,7,33,8,7,7.0,9,13,0.242,0.395,0.485,146,191,108,98,0.183,1.01,,1.8,6,0,10,11,6,0.316
375,1,2,30,4,2,2.0,2,11,0.133,0.212,0.267,156,132,88,90,-0.431,0.57,,-2.9,8,1,8,11,3,-0.068
376,0,4,31,5,3,4.0,2,12,0.161,0.235,0.258,183,127,82,115,0.067,1.93,,-0.9,7,0,12,7,3,0.433
377,0,6,41,10,6,4.5,4,5,0.244,0.311,0.341,174,152,99,111,0.155,1.45,,-0.0,11,2,18,18,11,0.346
378,0,6,37,12,6,6.0,0,9,0.324,0.324,0.622,172,142,93,102,0.263,1.67,,1.1,4,0,10,18,11,0.237
379,0,3,25,4,3,3.86,1,5,0.16,0.192,0.36,91,103,69,61,0.098,1.43,,-0.8,10,1,8,12,5,0.401
380,0,5,22,3,4,5.14,9,10,0.136,0.406,0.364,118,132,71,68,0.363,1.12,,1.2,8,3,5,8,4,0.136
381,1,3,33,9,2,3.0,5,12,0.273,0.385,0.303,207,165,102,116,-0.311,0.67,,-1.9,4,2,8,13,9,-0.19
382,0,9,31,11,9,11.57,5,8,0.355,0.459,0.548,144,159,99,85,0.384,0.65,,5.2,9,2,6,17,10,0.117
383,0,4,25,6,4,5.14,2,8,0.24,0.296,0.32,113,121,73,68,0.346,1.77,,0.2,7,0,10,7,5,0.154
384,0,10,40,12,10,10.0,1,12,0.3,0.317,0.775,129,170,107,87,0.337,0.25,,5.1,11,0,14,14,7,0.163
385,0,7,39,14,7,7.0,3,9,0.359,0.405,0.821,150,167,111,92,0.179,1.24,,2.1,10,0,12,18,9,0.32
386,1,1,33,7,1,1.0,5,13,0.212,0.316,0.303,123,153,98,74,-0.61,1.23,,-3.9,8,1,8,12,6,0.109
387,1,9,38,12,9,8.0,4,8,0.316,0.422,0.605,125,187,112,85,0.312,0.87,,3.9,10,1,18,12,10,0.187
388,0,1,32,4,1,1.0,3,10,0.125,0.2,0.281,163,137,85,94,-0.363,0.72,,-4.1,7,1,8,14,5,-0.137
389,0,6,34,11,6,6.0,4,4,0.324,0.375,0.471,170,139,85,112,-0.073,1.16,,0.9,9,0,16,16,13,-0.428
390,0,5,33,6,5,5.0,2,14,0.182,0.229,0.545,132,146,96,93,-0.242,0.7,,0.1,10,3,7,12,4,-0.259
391,1,3,25,4,3,3.86,2,8,0.16,0.222,0.4,120,135,87,86,0.036,1.66,,-0.8,7,0,6,11,2,0.463
392,0,5,28,7,5,5.14,5,8,0.25,0.353,0.536,137,135,76,80,0.276,2.29,,1.2,6,3,11,10,5,-0.777
393,1,10,35,8,10,10.0,7,13,0.229,0.372,0.743,163,184,112,97,0.194,0.68,,5.1,5,1,8,14,6,0.305
394,1,8,44,13,8,4.09,4,6,0.295,0.347,0.455,173,191,110,104,0.154,2.16,,1.2,11,1,14,25,16,0.348
395,1,8,39,10,6,6.0,3,10,0.256,0.31,0.436,145,157,106,87,0.253,0.78,,3.4,10,2,16,13,8,0.247
396,0,2,35,10,1,1.0,3,11,0.286,0.342,0.343,137,156,100,87,-0.178,0.75,,-2.6,9,1,14,10,7,-0.32
397,1,1,28,2,1,1.0,1,14,0.071,0.103,0.179,154,136,87,97,-0.372,0.6,,-3.9,11,1,7,7,2,-0.129
398,0,4,26,5,4,5.14,6,10,0.192,0.333,0.231,111,153,90,78,0.191,1.51,,0.2,2,2,7,10,7,0.31
399,1,1,23,3,1,1.29,6,8,0.13,0.31,0.174,86,137,79,55,-0.249,0.41,,-2.8,10,2,8,7,2,-0.252
400,0,7,39,12,7,7.0,2,11,0.308,0.357,0.564,159,146,89,96,0.379,0.85,,2.1,8,2,13,15,11,0.122
401,1,1,30,7,1,1.0,0,4,0.233,0.258,0.267,162,108,76,105,-0.337,0.59,,-3.9,9,0,12,14,6,-0.163
402,1,0,30,5,0,0.0,5,9,0.167,0.286,0.233,120,147,85,83,-0.439,0.57,,-4.9,4,0,7,14,8,-0.06
403,0,3,30,4,3,3.0,3,14,0.133,0.212,0.233,123,140,92,84,0.02,0.9,,-1.9,6,0,10,6,5,0.479
404,1,5,33,9,5,4.0,4,9,0.273,0.359,0.394,189,177,122,118,-0.017,0.79,,0.1,10,0,11,14,8,-0.484
405,0,0,31,2,0,0.0,0,16,0.065,0.121,0.129,137,124,89,84,-0.71,1.3,,-4.8,9,0,8,7,2,0.21
406,1,4,35,8,4,4.0,2,11,0.229,0.27,0.4,128,145,92,88,0.321,1.05,,-0.8,9,1,12,12,6,0.18
407,1,12,37,10,11,7.0,7,8,0.27,0.383,0.459,114,182,112,74,0.3,0.31,,7.2,11,0,11,20,8,0.199
408,1,5,35,11,4,4.0,4,8,0.314,0.385,0.543,143,139,93,92,0.061,1.43,,0.1,8,1,14,13,9,-0.562
409,1,2,32,5,1,1.8,4,8,0.156,0.25,0.281,159,140,79,97,-0.794,1.82,,-4.0,11,0,13,12,7,0.293
410,1,0,28,3,0,0.0,3,11,0.107,0.194,0.107,118,130,86,70,-0.774,0.79,,-4.9,4,0,8,9,2,0.274
411,0,8,34,10,7,6.0,1,11,0.294,0.333,0.618,148,148,94,98,0.202,0.8,,3.1,7,0,12,11,8,0.3
412,0,4,37,10,4,4.0,2,12,0.27,0.308,0.486,143,131,101,88,0.034,0.99,,-0.9,6,0,11,14,10,0.467
413,1,5,34,8,5,5.0,2,11,0.235,0.297,0.324,135,139,92,82,0.024,1.17,,0.4,10,0,14,9,5,0.475
414,0,2,29,5,2,2.0,3,8,0.172,0.294,0.276,132,122,81,81,-0.307,0.88,,-2.6,9,1,9,12,5,-0.193
415,0,1,32,5,1,1.0,5,9,0.156,0.27,0.313,103,165,94,72,-0.652,0.68,,-3.6,10,2,11,12,5,0.151
416,0,0,28,2,0,0.0,3,8,0.071,0.188,0.143,133,117,73,90,-0.262,0.37,,-4.6,9,4,10,10,4,-0.24
417,1,10,36,10,8,8.0,4,7,0.278,0.381,0.722,117,168,100,80,0.278,0.54,,5.2,8,0,11,18,4,0.223
418,0,5,31,5,4,4.0,4,8,0.161,0.278,0.258,168,135,79,92,0.136,0.97,,0.2,9,2,14,9,1,-0.636
419,1,10,35,8,8,9.0,7,9,0.229,0.372,0.486,178,163,93,108,0.365,0.48,,5.2,9,2,14,12,3,0.136
420,0,0,30,3,0,0.0,0,9,0.1,0.1,0.1,129,103,74,80,-0.54,0.64,,-4.9,11,2,13,8,4,0.038
421,1,8,38,11,8,8.0,2,11,0.289,0.357,0.553,174,158,98,110,0.418,0.89,,3.1,6,1,9,18,10,0.085
422,0,1,29,3,1,1.0,5,8,0.103,0.257,0.138,177,125,70,107,-0.301,0.47,,-3.9,2,3,10,11,6,-0.199
423,1,6,42,11,6,4.09,6,10,0.262,0.367,0.333,164,196,116,94,-0.201,1.41,,-0.8,15,2,15,17,10,0.699
424,0,6,26,5,6,6.0,9,8,0.192,0.405,0.346,140,153,79,86,0.176,1.59,,1.4,7,1,8,11,5,-0.678
425,1,3,32,6,3,3.0,5,14,0.188,0.316,0.438,126,157,96,85,0.009,0.82,,-1.6,8,0,8,10,5,0.491
426,0,6,37,12,5,6.0,4,12,0.324,0.395,0.541,146,181,104,101,0.133,1.41,,1.2,12,0,13,13,6,0.172
427,0,3,37,10,3,2.0,2,12,0.27,0.308,0.351,158,144,98,94,-0.059,1.98,,-1.8,11,1,14,11,6,0.561
428,1,1,32,5,1,1.0,1,11,0.156,0.182,0.156,113,117,73,77,-0.366,1.59,,-3.8,11,0,12,9,6,0.866
429,1,8,40,13,8,7.0,7,10,0.325,0.44,0.475,166,212,119,103,0.323,0.77,,3.2,4,1,9,22,16,0.177
430,0,8,34,9,8,8.0,5,7,0.265,0.366,0.5,162,163,102,95,0.355,0.33,,3.2,8,2,11,17,6,0.146
431,0,4,32,5,4,3.0,5,10,0.156,0.308,0.344,139,145,84,85,0.093,0.82,,-0.8,10,0,11,11,7,0.407
432,1,3,34,8,3,3.0,3,7,0.235,0.316,0.353,170,171,107,99,-0.118,1.21,,-1.8,6,2,10,17,6,-0.383
433,0,4,34,7,4,4.0,2,12,0.206,0.27,0.294,151,138,95,97,0.117,1.06,,-0.8,8,1,11,11,8,0.382
434,1,4,36,10,4,4.0,4,16,0.278,0.35,0.528,114,165,100,81,-0.138,1.0,,-0.8,6,4,10,10,3,-0.361
435,0,12,41,15,11,12.0,6,6,0.366,0.449,0.634,123,192,107,89,0.378,0.15,,7.2,8,0,9,27,16,0.124
436,0,2,30,4,2,2.0,2,11,0.133,0.212,0.267,156,132,88,90,-0.431,0.57,,-2.9,8,1,8,11,3,-0.068
437,1,4,31,5,3,4.0,2,12,0.161,0.235,0.258,183,127,82,115,0.067,1.93,,-0.9,7,0,12,7,3,0.433
438,1,6,41,10,6,4.5,4,5,0.244,0.311,0.341,174,152,99,111,0.155,1.45,,-0.0,11,2,18,18,11,0.346
439,1,6,37,12,6,6.0,0,9,0.324,0.324,0.622,172,142,93,102,0.263,1.67,,1.1,4,0,10,18,11,0.237
440,0,3,40,4,2,1.5,4,15,0.1,0.182,0.125,195,176,114,118,-1.197,1.44,,-5.5,10,0,10,15,5,0.697
441,1,9,35,11,9,9.0,7,5,0.314,0.442,0.686,151,159,102,98,0.359,0.49,,4.0,15,1,14,16,13,0.141
442,0,1,31,5,1,1.0,1,9,0.161,0.188,0.258,151,128,86,94,-0.407,0.83,,-4.0,9,1,12,10,6,-0.093
443,0,2,31,5,2,2.0,5,3,0.161,0.278,0.355,131,152,87,89,-0.264,0.59,,-2.6,14,1,17,11,6,-0.235
444,0,5,32,7,5,5.0,7,9,0.219,0.39,0.5,170,181,98,96,-0.148,0.52,,0.4,10,3,10,13,5,-0.353
445,0,4,34,7,4,3.0,2,12,0.206,0.27,0.382,127,152,97,79,-0.067,1.37,,-0.6,10,1,11,11,7,-0.434
446,1,2,29,5,2,2.0,2,9,0.172,0.226,0.379,136,125,78,84,-0.39,0.54,,-2.8,4,2,9,11,2,-0.108
447,1,2,31,4,2,2.0,1,13,0.129,0.182,0.161,141,128,85,83,-0.522,1.11,,-2.8,5,0,7,11,3,0.021
448,0,6,28,12,6,7.71,5,4,0.429,0.5,0.786,147,141,84,93,0.224,0.72,,2.3,4,1,12,13,4,0.274
449,0,6,30,9,6,7.71,4,10,0.3,0.4,0.5,120,150,90,71,0.162,0.85,,2.3,7,0,5,15,9,0.339
450,1,1,31,4,1,1.0,2,15,0.129,0.182,0.226,148,143,93,94,-0.225,0.35,,-3.8,4,4,7,9,3,-0.278
451,1,6,34,10,6,6.0,8,5,0.294,0.409,0.5,149,174,93,90,0.677,1.75,,1.2,8,3,18,13,8,-1.177
452,0,5,33,7,5,5.0,3,11,0.212,0.278,0.394,158,139,92,92,0.188,1.08,,0.2,7,0,10,12,6,0.313
453,1,5,32,5,5,5.0,5,15,0.156,0.289,0.313,152,173,105,89,-0.147,1.4,,0.2,10,1,12,5,3,-0.352
454,0,12,40,14,12,12.0,3,8,0.35,0.435,0.675,186,176,116,110,0.233,0.66,,7.2,7,1,7,25,12,0.269
455,1,5,35,9,5,5.0,1,8,0.257,0.297,0.343,192,137,97,102,-0.075,1.43,,0.2,4,2,15,12,6,-0.424
456,1,7,37,12,6,6.0,6,10,0.324,0.419,0.432,131,156,93,79,0.202,1.09,,1.8,13,0,13,14,11,0.298
457,0,3,35,9,3,3.0,3,11,0.257,0.35,0.543,169,153,98,104,-0.27,1.19,,-2.2,2,1,11,13,10,-0.23
458,0,1,33,7,1,1.0,3,13,0.212,0.278,0.212,153,174,109,87,-0.422,0.66,,-4.2,11,0,11,9,6,-0.077
459,0,3,33,10,3,3.0,4,6,0.303,0.378,0.364,143,156,96,91,-0.327,0.68,,-2.1,8,1,12,15,9,-0.172
460,1,19,45,21,18,19.0,7,6,0.467,0.556,0.978,109,199,119,71,0.324,0.26,,13.9,9,0,11,28,15,0.176
461,1,0,31,2,0,0.0,0,16,0.065,0.121,0.129,137,124,89,84,-0.71,1.3,,-4.8,9,0,8,7,2,0.21
462,0,4,35,8,4,4.0,2,11,0.229,0.27,0.4,128,145,92,88,0.321,1.05,,-0.8,9,1,12,12,6,0.18
463,0,12,37,10,11,7.0,7,8,0.27,0.383,0.459,114,182,112,74,0.3,0.31,,7.2,11,0,11,20,8,0.199
464,1,1,28,5,1,0.0,1,11,0.179,0.233,0.179,112,132,83,67,-0.564,2.05,,-3.9,8,0,5,12,6,0.065
465,0,3,38,10,3,2.0,4,16,0.263,0.333,0.289,156,183,116,99,-0.45,2.17,,-3.1,7,1,11,11,7,0.949
466,1,3,34,7,3,3.0,4,10,0.206,0.289,0.235,190,161,100,110,-0.113,0.28,,-1.8,9,4,12,12,10,-0.387
467,0,4,26,7,4,3.86,0,5,0.269,0.259,0.577,102,88,64,68,0.187,1.13,,0.3,9,1,13,9,3,0.313
468,1,0,23,2,0,0.0,2,9,0.087,0.16,0.087,104,106,68,66,-0.226,0.38,,-3.7,7,2,7,7,2,-0.276
469,1,5,37,11,4,3.0,5,10,0.297,0.381,0.459,159,181,114,91,0.089,0.8,,0.2,6,3,12,15,9,-0.59
470,1,0,30,4,0,0.0,0,15,0.133,0.161,0.133,141,141,94,87,-0.604,0.77,,-4.8,8,1,8,7,4,0.104
471,1,3,32,6,3,3.0,0,4,0.188,0.188,0.313,151,127,84,90,-0.311,0.47,,-1.8,5,2,10,18,7,-0.19
472,0,3,31,6,3,3.0,4,12,0.194,0.286,0.419,145,137,92,86,-0.435,0.98,,-1.9,5,3,9,10,5,-0.066
473,1,3,30,5,3,3.0,2,11,0.167,0.212,0.367,124,136,83,81,-0.046,1.21,,-1.9,8,1,10,10,3,0.547
474,0,1,31,5,1,1.0,1,12,0.161,0.188,0.194,142,113,75,89,-0.256,0.43,,-3.9,9,3,5,14,4,-0.245
475,0,2,35,9,2,2.0,3,10,0.257,0.316,0.286,166,180,113,101,-0.35,0.93,,-2.7,5,1,12,13,7,-0.151
476,1,3,25,6,3,3.86,4,7,0.24,0.345,0.36,103,121,76,63,0.117,1.07,,-0.6,8,0,11,7,4,0.382
477,1,9,30,9,8,11.57,5,9,0.3,0.4,0.533,120,153,90,70,0.272,0.37,,5.4,1,1,9,12,8,0.227
478,1,3,35,9,3,3.0,2,9,0.257,0.316,0.486,129,116,83,86,-0.017,0.89,,-1.7,8,0,9,17,9,0.515
479,0,2,31,5,2,2.0,5,10,0.161,0.297,0.194,137,157,99,84,-0.277,0.51,,-2.7,6,1,13,8,2,-0.222
480,1,2,31,5,2,2.0,1,10,0.161,0.188,0.387,150,120,75,91,-0.121,0.82,,-3.1,9,1,12,9,3,-0.379
481,1,2,33,8,2,2.0,3,10,0.242,0.306,0.515,146,142,89,80,-0.269,0.53,,-3.1,12,2,15,8,6,-0.23
482,0,7,37,11,7,7.0,5,7,0.297,0.409,0.405,150,164,94,90,0.454,1.6,,1.9,10,0,14,16,9,0.047
483,1,5,35,9,3,4.0,6,13,0.257,0.381,0.4,153,176,107,91,-0.073,0.71,,-0.1,7,2,9,13,8,-0.427
484,0,5,37,10,4,4.0,6,5,0.27,0.372,0.297,143,155,83,92,0.215,0.89,,-0.1,10,1,18,14,10,0.286
485,0,4,44,5,4,1.38,3,13,0.114,0.17,0.295,222,167,109,145,-0.961,2.19,,-5.9,11,0,10,21,6,1.459
486,1,9,37,11,9,7.0,7,5,0.297,0.417,0.378,203,175,103,109,0.437,1.48,,4.1,9,1,12,22,10,0.064
487,0,4,40,11,4,3.6,4,11,0.275,0.341,0.45,162,162,98,105,-0.079,1.6,,-2.0,10,0,12,17,7,-0.422
488,1,6,41,11,6,3.27,8,9,0.268,0.38,0.39,186,205,123,105,0.036,2.1,,-1.2,10,1,13,20,11,0.462
489,1,8,37,10,7,7.0,4,7,0.27,0.391,0.486,136,165,106,80,0.343,0.57,,3.2,8,0,13,18,9,0.158
490,0,7,34,8,7,7.0,4,10,0.235,0.316,0.647,153,149,84,99,0.207,0.51,,2.2,10,4,3,21,10,-0.707
491,0,4,34,8,4,4.0,1,9,0.235,0.257,0.471,154,134,87,93,0.213,1.76,,-0.8,15,0,12,13,8,-0.714
492,0,2,45,7,2,0.69,4,9,0.156,0.224,0.2,201,161,102,120,-1.408,2.64,,-7.3,9,1,13,24,12,0.907
493,0,1,32,5,1,1.0,0,7,0.156,0.156,0.219,118,110,78,77,-0.559,0.7,,-3.7,14,2,12,13,5,0.06
494,0,2,31,6,2,2.0,3,10,0.194,0.265,0.355,150,139,93,93,-0.23,0.48,,-2.7,5,3,10,11,6,-0.27
495,1,4,33,6,4,4.0,1,6,0.182,0.229,0.333,151,135,87,99,-0.269,0.51,,-1.1,10,1,16,11,7,-0.23
496,0,7,40,12,7,5.4,5,8,0.3,0.378,0.45,171,185,115,97,0.071,1.19,,0.7,13,1,15,18,8,0.431
497,1,1,34,7,1,1.0,1,9,0.206,0.229,0.265,174,133,87,107,-0.33,1.11,,-4.1,6,1,8,17,8,-0.171
498,1,1,29,6,1,1.0,4,9,0.207,0.314,0.241,197,139,86,107,0.012,0.24,,-4.1,8,2,12,9,6,-0.512
499,1,1,27,3,1,1.0,3,9,0.111,0.2,0.259,130,131,77,83,-0.628,0.65,,-4.1,15,1,7,11,4,0.128
500,1,2,29,4,2,2.0,6,12,0.138,0.306,0.172,128,157,88,88,-0.509,1.17,,-3.1,11,1,11,6,4,0.01
501,1,1,28,2,1,1.0,5,7,0.071,0.212,0.179,128,133,83,79,-0.693,0.92,,-4.1,12,0,6,15,3,0.196
502,1,1,35,4,1,0.0,2,13,0.114,0.162,0.114,136,143,94,93,-1.021,1.59,,-6.5,13,0,11,12,9,0.522
503,1,13,43,20,13,13.0,1,3,0.465,0.477,0.93,141,154,102,95,0.25,0.54,,7.4,16,0,15,25,16,0.249
504,1,10,36,10,10,10.0,2,9,0.278,0.333,0.444,181,134,88,111,0.361,1.16,,4.4,5,3,7,20,13,0.139
505,0,3,34,8,3,3.0,7,13,0.235,0.366,0.324,142,187,114,90,-0.419,1.0,,-1.5,16,0,12,9,5,-0.081
506,0,2,31,5,2,2.0,2,7,0.161,0.206,0.355,140,118,76,91,-0.008,0.24,,-2.5,8,6,15,10,5,-0.492
507,0,3,31,5,3,3.0,1,8,0.161,0.188,0.323,138,127,85,80,-0.262,1.19,,-1.5,10,1,8,15,5,-0.238
508,1,4,34,7,4,4.0,3,14,0.206,0.27,0.294,160,151,99,89,-0.043,0.73,,-1.1,11,1,12,9,7,-0.457
509,1,3,25,4,3,3.86,2,7,0.16,0.222,0.32,114,112,73,68,-0.177,0.49,,-1.0,6,0,5,13,4,-0.324
510,0,12,32,12,10,14.14,10,7,0.375,0.512,0.563,112,191,106,74,0.426,0.53,,8.0,9,2,11,15,11,0.075
511,1,2,25,6,2,1.29,1,8,0.24,0.269,0.32,99,101,66,60,-0.296,0.53,,-2.0,7,2,10,7,5,-0.202
512,1,3,26,6,3,3.86,1,10,0.231,0.259,0.538,129,119,77,78,-0.159,0.69,,-1.0,6,1,3,13,6,-0.34
513,0,6,36,8,3,3.6,4,9,0.222,0.317,0.361,155,154,99,95,0.32,1.71,,-0.3,11,1,18,9,5,0.18
514,1,1,29,3,1,1.0,2,7,0.103,0.161,0.207,92,120,79,60,-0.686,0.73,,-4.1,9,1,8,14,6,0.185
515,1,4,35,8,4,4.0,3,12,0.229,0.289,0.4,144,159,99,96,-0.194,0.67,,-1.1,5,2,8,15,7,-0.307
516,0,5,45,13,4,4.09,1,13,0.289,0.319,0.422,198,175,118,103,-0.596,1.08,,-2.2,11,2,12,20,12,0.096
517,0,9,33,12,9,11.57,2,6,0.364,0.4,0.576,132,135,90,84,1.129,1.74,,5.2,9,3,13,14,7,-1.63
518,1,7,28,8,7,9.0,4,8,0.286,0.394,0.429,106,134,87,73,0.757,0.81,,3.2,5,3,10,10,8,-0.259
519,0,5,33,6,5,5.0,3,11,0.182,0.25,0.515,137,155,102,94,0.018,1.02,,0.1,14,1,8,14,5,-0.519
520,0,0,33,7,0,0.0,1,4,0.212,0.235,0.212,169,104,66,98,-0.462,0.51,,-4.7,7,1,13,16,7,-0.039
521,1,4,29,8,4,5.14,2,6,0.276,0.323,0.483,106,116,74,69,0.326,1.33,,0.3,6,1,11,12,9,0.175
522,1,5,26,6,5,5.14,5,7,0.231,0.364,0.269,124,121,80,79,0.248,1.73,,1.3,4,1,9,11,4,0.252
523,0,2,31,4,2,2.0,1,9,0.129,0.156,0.323,158,126,78,91,-0.363,1.77,,-2.7,12,0,7,15,7,-0.138
524,0,1,28,2,0,1.0,1,5,0.071,0.103,0.107,135,85,57,78,-0.436,0.88,,-3.7,5,1,11,12,6,-0.063
525,1,7,36,12,7,7.0,4,6,0.333,0.39,0.417,142,148,105,89,0.664,0.59,,2.4,9,2,10,21,13,-0.164
526,0,1,31,4,1,1.0,1,10,0.129,0.182,0.258,131,136,96,88,-0.341,0.49,,-3.6,8,3,10,11,5,-0.158
527,1,1,31,4,1,1.0,0,9,0.129,0.129,0.129,176,117,79,109,-0.466,1.11,,-4.1,10,2,9,13,4,-0.035
528,0,1,32,4,1,0.0,1,12,0.125,0.152,0.219,114,126,92,74,-0.307,1.32,,-4.1,10,0,10,10,5,0.806
529,1,1,32,5,1,1.0,1,15,0.156,0.182,0.188,113,126,79,73,-0.641,0.62,,-4.1,7,1,12,5,3,0.14
530,0,6,37,11,5,6.0,0,13,0.297,0.297,0.541,133,153,100,86,0.275,1.21,,0.9,10,1,11,13,9,0.226
531,1,2,29,4,2,2.0,3,10,0.138,0.235,0.31,113,140,86,74,-0.53,1.09,,-3.1,9,0,9,11,6,0.031
532,1,2,31,7,1,2.0,2,6,0.226,0.273,0.323,160,134,95,100,-0.437,1.59,,-3.1,4,2,12,13,6,-0.063
533,0,1,35,9,1,1.0,1,7,0.257,0.278,0.343,130,114,79,73,-0.473,0.84,,-3.6,9,1,9,19,8,-0.025
534,1,6,36,9,5,6.0,5,5,0.25,0.357,0.444,140,160,102,94,0.247,0.86,,1.4,12,0,10,21,6,0.251
535,0,2,33,7,2,2.0,5,7,0.212,0.316,0.273,151,146,87,85,-0.465,0.68,,-2.6,9,0,11,15,4,-0.035
536,1,12,42,15,11,11.0,2,9,0.357,0.4,0.738,147,165,114,96,0.308,0.4,,6.5,3,1,11,22,10,0.191
537,0,4,35,7,4,2.7,6,7,0.2,0.31,0.343,146,152,87,102,-0.098,1.58,,-2.8,9,3,17,12,3,-0.4
538,0,1,31,7,1,1.0,1,7,0.226,0.265,0.258,143,124,84,84,-0.339,0.96,,-4.5,5,2,13,13,6,-0.162
539,0,4,35,8,4,4.0,5,7,0.229,0.325,0.486,167,177,106,98,-0.079,0.7,,-1.5,6,2,9,19,6,-0.421
540,1,2,32,7,2,2.0,1,7,0.219,0.242,0.344,168,127,97,98,-0.356,1.01,,-2.5,7,0,11,14,8,-0.143
541,1,1,32,5,1,1.0,1,11,0.156,0.182,0.25,184,125,88,99,-0.314,0.77,,-3.5,7,2,13,8,6,-0.187
542,0,4,31,7,3,4.0,7,11,0.226,0.359,0.258,170,170,104,98,0.389,1.62,,-0.5,7,1,10,11,6,0.111
543,1,2,33,6,2,2.0,3,6,0.182,0.27,0.212,131,132,88,83,-0.104,0.74,,-2.5,9,1,13,14,5,-0.396
544,1,5,32,5,5,5.0,1,5,0.156,0.206,0.344,128,141,88,85,0.207,1.29,,0.5,8,0,11,16,5,0.292
545,0,6,32,9,6,6.0,7,6,0.281,0.425,0.469,147,159,97,95,0.239,1.09,,1.5,7,4,12,14,9,-0.74
546,1,12,44,14,11,9.9,2,15,0.318,0.362,0.523,187,171,110,116,0.578,1.6,,6.4,3,0,15,15,9,-0.076
547,1,8,38,10,7,7.0,3,7,0.263,0.317,0.5,151,166,101,96,0.722,1.33,,2.4,5,2,14,17,12,-0.223
548,0,1,29,3,1,1.0,3,10,0.103,0.188,0.241,146,140,84,94,-0.281,0.54,,-4.6,12,2,10,9,5,-0.219
549,0,6,37,10,6,6.0,2,8,0.27,0.308,0.514,130,146,94,85,-0.33,0.46,,0.4,8,3,11,18,9,-0.17
550,1,4,32,6,4,4.0,2,10,0.188,0.235,0.438,134,133,81,78,-0.179,0.86,,-0.5,13,3,12,10,3,-0.321
551,0,5,34,6,4,3.0,4,5,0.176,0.317,0.294,129,148,92,91,0.192,1.02,,0.5,8,1,13,16,8,0.308
552,0,7,34,8,7,7.0,2,7,0.235,0.278,0.529,159,142,89,105,0.273,1.33,,2.5,7,2,10,17,5,0.229
553,1,0,31,4,0,0.0,1,11,0.129,0.156,0.129,106,131,87,73,-0.44,0.45,,-4.5,8,3,5,15,5,-0.061
554,0,3,31,5,3,3.0,2,9,0.161,0.229,0.387,128,139,85,81,-0.014,1.41,,-1.5,11,2,11,12,6,0.515
555,1,5,32,5,5,5.0,4,15,0.156,0.27,0.469,155,150,98,98,-0.122,0.16,,0.5,4,6,5,12,4,-0.379
556,1,2,29,6,2,2.0,4,4,0.207,0.303,0.345,145,124,75,89,-0.19,1.63,,-2.6,7,0,12,14,5,0.691
557,1,6,34,10,5,2.0,2,4,0.294,0.333,0.5,144,129,88,96,0.339,0.54,,1.4,10,0,15,17,10,0.161
558,0,0,32,6,0,0.0,4,14,0.188,0.278,0.219,105,156,96,71,-0.497,0.71,,-4.6,9,1,8,10,6,-0.004
559,0,2,33,6,2,2.0,1,6,0.182,0.206,0.394,151,137,95,99,0.004,0.29,,-2.6,8,6,8,19,8,-0.503
560,0,1,34,6,1,1.0,2,9,0.176,0.222,0.235,123,139,89,79,-0.594,0.67,,-3.8,4,1,13,12,9,0.095
561,0,6,36,10,6,6.0,5,9,0.278,0.381,0.528,138,157,96,88,-0.29,1.05,,1.2,10,0,14,13,9,-0.211
562,0,4,30,4,3,3.0,9,9,0.133,0.35,0.233,116,169,90,73,-0.021,1.02,,-0.8,12,2,9,13,2,-0.477
563,1,14,36,11,13,13.0,6,4,0.306,0.405,0.611,162,169,91,98,0.366,0.48,,8.5,9,0,19,14,8,0.135
564,1,6,38,12,6,6.0,4,11,0.316,0.381,0.5,168,166,102,99,0.078,1.39,,0.5,8,1,9,18,9,0.422
565,1,3,35,6,3,1.8,2,9,0.171,0.256,0.371,165,155,97,104,-0.21,1.42,,-2.6,11,3,13,14,6,-0.29
566,1,7,38,8,7,6.3,5,16,0.211,0.318,0.395,169,193,120,102,0.355,1.23,,1.4,7,3,7,15,9,-0.853
567,1,3,34,8,3,3.0,7,13,0.235,0.366,0.324,142,187,114,90,-0.419,1.0,,-1.5,16,0,12,9,5,-0.081
568,1,2,31,5,2,2.0,2,7,0.161,0.206,0.355,140,118,76,91,-0.008,0.24,,-2.5,8,6,15,10,5,-0.492
569,1,3,31,5,3,3.0,1,8,0.161,0.188,0.323,138,127,85,80,-0.262,1.19,,-1.5,10,1,8,15,5,-0.238
570,0,8,39,13,8,8.0,2,13,0.333,0.372,0.538,163,162,110,109,0.389,0.77,,3.5,6,1,11,16,10,0.111
571,1,7,29,9,7,9.0,3,8,0.31,0.382,0.414,127,127,79,80,0.577,1.47,,3.5,6,4,10,12,5,-1.08
572,0,8,29,9,8,10.29,5,8,0.31,0.4,0.621,117,137,80,72,0.382,1.05,,4.5,8,1,8,14,7,0.116
573,1,10,42,19,10,10.0,1,5,0.452,0.468,0.595,157,157,97,90,0.498,0.57,,4.4,11,1,15,24,17,0.002
