,Runs_Allowed
0,6
1,4
2,8
3,9
4,7
5,2
6,3
7,1
8,4
9,2
10,3
11,2
12,5
13,4
14,1
15,2
16,6
17,12
18,8
19,1
20,2
21,3
22,5
23,3
24,12
25,5
26,3
27,13
28,1
29,13
30,14
31,4
32,4
33,6
34,5
35,3
36,2
37,1
38,3
39,4
40,1
41,6
42,5
43,1
44,8
45,4
46,4
47,5
48,5
49,2
50,3
51,1
52,3
53,6
54,3
55,0
56,5
57,9
58,2
59,5
60,6
61,5
62,4
63,3
64,8
65,8
66,7
67,10
68,10
69,5
70,7
71,9
72,3
73,5
74,12
75,11
76,5
77,8
78,2
79,3
80,3
81,5
82,1
83,3
84,5
85,4
86,6
87,6
88,5
89,10
90,4
91,5
92,7
93,5
94,1
95,4
96,5
97,12
98,4
99,5
100,10
101,3
102,1
103,6
104,2
105,3
106,8
107,4
108,6
109,2
110,2
111,4
112,3
113,5
114,3
115,1
116,3
117,2
118,6
119,8
120,4
121,8
122,4
123,2
124,12
125,5
126,0
127,4
128,2
129,4
130,2
131,11
132,0
133,6
134,5
135,5
136,11
137,1
138,7
139,4
140,9
141,3
142,2
143,13
144,8
145,6
146,5
147,4
148,3
149,2
150,2
151,3
152,0
153,4
154,1
155,3
156,2
157,11
158,4
159,0
160,3
161,4
162,3
163,4
164,1
165,2
166,2
167,4
168,6
169,3
170,0
171,4
172,1
173,4
174,3
175,4
176,4
177,2
178,13
179,11
180,2
181,2
182,1
183,4
184,1
185,3
186,5
187,3
188,4
189,5
190,4
191,2
192,2
193,1
194,3
195,2
196,10
197,2
198,0
199,9
200,8
201,2
202,1
203,2
204,2
205,10
206,3
207,1
208,6
209,3
210,0
211,0
212,4
213,1
214,4
215,2
216,2
217,1
218,8
219,3
220,4
221,2
222,1
223,2
224,4
225,7
226,5
227,4
228,12
229,1
230,2
231,7
232,6
233,0
234,2
235,3
236,1
237,0
238,6
239,4
240,0
241,3
242,2
243,4
244,0
245,5
246,3
247,0
248,4
249,1
250,4
251,2
252,4
253,1
254,2
255,0
256,1
257,6
258,12
259,2
260,4
261,4
262,2
263,5
264,4
265,1
266,2
267,2
268,5
269,4
270,0
271,4
272,0
273,6
274,2
275,6
276,4
277,3
278,4
279,1
280,4
281,5
282,0
283,6
284,5
285,5
286,1
287,2
288,1
289,3
290,3
291,7
292,6
293,8
294,0
295,6
296,7
297,6
298,13
299,3
300,3
301,9
302,5
303,6
304,8
305,8
306,3
307,1
308,0
309,2
310,7
311,4
312,6
313,7
314,4
315,2
316,2
317,1
318,3
319,2
320,0
321,9
322,3
323,3
324,6
325,2
326,3
327,2
328,4
329,2
330,1
331,4
332,1
333,6
334,1
335,7
336,1
337,9
338,3
339,7
340,2
341,1
342,5
343,2
344,3
345,4
346,7
347,6
348,0
349,6
350,3
351,4
352,6
353,4
354,7
355,7
356,6
357,4
358,3
359,5
360,7
361,12
362,5
363,1
364,1
365,1
366,5
367,5
368,8
369,2
370,0
371,4
372,3
373,4
374,13
375,4
376,15
377,10
378,7
379,2
380,3
381,7
382,7
383,3
384,4
385,7
386,1
387,10
388,2
389,4
390,2
391,7
392,9
393,4
394,0
395,3
396,10
397,5
398,6
399,3
400,12
401,3
402,7
403,10
404,5
405,2
406,7
407,7
408,12
409,4
410,10
411,4
412,4
413,7
414,1
415,9
416,7
417,7
418,5
419,1
420,7
421,8
422,6
423,9
424,5
425,1
426,6
427,8
428,5
429,9
430,3
431,4
432,6
433,5
434,1
435,2
436,3
437,5
438,14
439,6
440,5
441,9
442,3
443,17
444,2
445,6
446,10
447,4
448,3
449,1
450,2
451,6
452,1
453,6
454,11
455,5
456,3
457,4
458,2
459,5
460,9
461,5
462,11
463,9
464,1
465,1
466,3
467,4
468,3
469,7
470,3
471,4
472,12
473,3
474,4
475,1
476,6
477,8
478,1
479,2
480,9
481,4
482,4
483,10
484,1
485,3
486,0
487,1
488,3
489,4
490,5
491,7
492,4
493,6
494,5
495,5
496,2
497,6
498,0
499,5
500,1
501,1
502,3
503,6
504,4
505,2
506,7
507,4
508,4
509,2
510,2
511,2
512,7
513,1
514,10
515,6
516,2
517,3
518,3
519,2
520,2
521,1
522,11
523,7
524,2
525,2
526,0
527,5
528,3
529,8
530,0
531,2
532,6
533,6
534,0
535,2
536,4
537,8
538,2
539,6
540,1
541,5
542,2
543,3
544,9
545,7
546,1
547,9
548,1
549,12
550,6
551,4
552,2
553,2
554,1
555,6
556,1
557,4
558,1
559,9
560,13
561,2
562,2
563,6
564,8
565,1
566,13
567,6
568,1
569,4
570,4
571,7
572,2
573,7
574,1
575,5
576,4
577,3
578,9
579,2
580,4
581,7
582,4
583,9
584,4
585,0
586,9
587,5
588,5
589,13
590,7
591,6
592,3
593,5
594,7
595,4
596,6
597,8
598,7
599,3
600,6
601,8
602,1
603,2
604,4
605,5
606,4
607,1
608,0
609,3
610,4
611,1
612,5
613,1
614,7
615,5
616,12
617,8
618,1
619,8
620,1
621,6
622,2
623,1
624,3
625,9
626,11
627,11
628,10
629,0
630,9
631,2
632,2
633,6
634,1
635,1
636,3
637,3
638,0
639,2
640,7
641,2
642,3
643,2
644,2
645,2
646,6
647,3
648,3
649,0
650,6
651,4
652,5
653,2
654,1
655,12
656,3
657,10
658,1
659,5
660,3
661,7
662,3
663,1
664,2
665,4
666,2
667,3
668,3
669,4
670,7
671,2
672,5
673,2
674,2
675,8
676,4
677,1
678,6
679,11
680,7
681,1
682,5
683,3
684,11
685,3
686,4
687,8
688,3
689,8
690,3
691,6
692,4
693,2
694,0
695,0
696,5
697,5
698,7
699,1
700,7
701,3
702,2
703,3
704,4
705,8
706,9
707,3
708,3
709,8
710,5
711,3
712,3
713,1
714,1
715,7
716,5
717,4
718,3
719,6
720,4
721,6
722,4
723,1
724,2
725,4
726,3
727,4
728,1
729,1
730,5
731,4
732,8
733,4
734,3
735,1
736,5
737,4
738,4
739,3
740,0
741,4
742,4
743,1
744,8
745,2
746,7
747,3
748,4
749,6
750,0
751,4
752,8
753,5
754,2
755,10
756,5
757,2
758,1
759,3
760,0
761,2
762,5
763,5
764,2
765,7
766,4
767,4
768,6
769,4
770,1
771,5
772,1
773,1
774,13
775,16
776,7
777,2
778,5
779,0
780,1
781,6
782,1
783,5
784,9
785,10
786,2
787,1
788,3
789,0
790,4
791,1
792,7
793,2
794,6
795,1
796,3
797,8
798,0
799,0
800,4
801,0
802,4
803,6
804,9
805,7
806,12
807,3
808,3
809,4
810,3
811,5
812,1
813,5
814,8
815,2
816,2
817,8
818,8
819,3
820,5
821,2
822,7
823,4
824,1
825,7
826,1
827,6
828,3
829,6
830,6
831,0
832,5
833,4
834,4
835,3
836,2
837,1
838,10
839,1
840,8
841,1
842,2
843,7
844,7
845,1
846,6
847,4
848,6
849,2
850,8
851,4
852,4
853,4
854,5
855,3
856,3
857,4
858,2
859,0
860,2
861,5
862,6
863,8
864,9
865,5
866,12
867,9
868,7
869,4
870,1
871,5
872,4
873,5
874,7
875,4
876,1
877,7
878,5
879,13
880,2
881,1
882,7
883,5
884,3
885,5
886,8
887,8
888,2
889,6
890,4
891,4
892,3
893,7
894,5
895,7
896,1
897,8
898,0
899,3
900,1
901,3
902,4
903,2
904,3
905,7
906,4
907,4
908,6
909,5
910,4
911,1
912,6
913,6
914,5
915,3
916,14
917,4
918,0
919,3
920,2
921,3
922,1
923,2
924,8
925,1
926,5
927,3
928,4
929,2
930,4
931,3
932,5
933,7
934,7
935,0
936,5
937,7
938,0
939,3
940,6
941,2
942,0
943,6
944,3
945,1
946,5
947,6
948,4
949,1
950,10
951,9
952,9
953,1
954,5
955,1
956,3
957,13
958,3
959,2
960,2
961,1
962,3
963,3
964,6
965,9
966,6
967,6
968,6
969,0
970,3
971,0
972,7
973,6
974,1
975,2
976,1
977,11
978,7
979,3
980,0
981,1
982,4
983,7
984,2
985,3
986,9
987,7
988,5
989,6
990,4
991,6
992,7
993,1
994,4
995,10
996,11
997,3
998,5
999,2
1000,4
1001,4
1002,2
1003,2
1004,7
1005,4
1006,4
1007,4
1008,4
1009,9
1010,6
1011,2
1012,1
1013,2
1014,3
1015,13
1016,4
1017,8
1018,4
1019,4
1020,1
1021,5
1022,4
1023,5
1024,1
1025,1
1026,2
1027,10
1028,0
1029,7
1030,2
1031,3
1032,9
1033,6
1034,3
1035,11
1036,6
1037,5
1038,6
1039,4
1040,5
1041,7
1042,1
1043,8
1044,7
1045,3
1046,2
1047,5
1048,3
1049,0
1050,8
1051,4
1052,3
1053,2
1054,4
1055,10
1056,1
1057,2
1058,0
1059,2
1060,4
1061,5
1062,3
1063,6
1064,2
1065,5
1066,4
1067,4
1068,3
1069,4
1070,6
1071,8
1072,6
1073,0
1074,8
1075,15
1076,1
1077,2
1078,4
1079,2
1080,5
1081,1
1082,0
1083,0
1084,2
1085,5
1086,11
1087,4
1088,7
1089,11
1090,5
1091,4
1092,1
1093,6
1094,8
1095,3
1096,4
1097,2
1098,3
1099,4
1100,3
1101,0
1102,2
1103,10
1104,5
1105,3
1106,0
1107,3
1108,2
1109,5
1110,9
1111,7
1112,0
1113,2
1114,1
1115,7
1116,2
1117,2
1118,10
1119,4
1120,10
1121,0
1122,0
1123,6
1124,5
1125,5
1126,3
1127,5
1128,6
1129,6
1130,3
1131,3
1132,7
1133,1
1134,14
1135,0
1136,3
1137,10
1138,6
1139,1
1140,5
1141,3
1142,3
1143,0
1144,5
1145,4
1146,9
1147,5
1148,11
1149,0
1150,1
1151,3
1152,6
1153,7
1154,7
1155,9
1156,5
1157,6
1158,4
1159,4
1160,2
1161,2
1162,11
1163,3
1164,8
1165,10
1166,1
1167,11
1168,4
1169,5
1170,3
1171,5
1172,9
1173,5
1174,6
1175,3
1176,4
1177,10
1178,9
1179,1
1180,9
1181,5
1182,3
1183,5
1184,3
1185,3
1186,2
1187,2
1188,1
1189,5
1190,10
1191,3
1192,10
1193,7
1194,15
1195,3
1196,12
1197,8
1198,3
1199,2
1200,2
1201,6
1202,5
1203,2
1204,3
1205,4
1206,2
1207,0
1208,3
1209,7
1210,3
1211,4
1212,0
1213,10
1214,8
1215,3
1216,0
1217,2
1218,11
1219,3
1220,1
1221,7
1222,5
1223,3
1224,1
1225,9
1226,9
1227,18
1228,2
1229,9
1230,5
1231,2
1232,5
1233,6
1234,3
1235,5
1236,2
1237,2
1238,7
1239,0
1240,5
1241,10
1242,2
1243,5
1244,11
1245,3
1246,8
1247,10
1248,3
1249,6
1250,6
1251,4
1252,4
1253,0
1254,2
1255,7
1256,1
1257,4
1258,4
1259,6
1260,3
1261,8
1262,2
1263,6
1264,3
1265,3
1266,0
1267,1
1268,5
1269,2
1270,4
1271,2
1272,8
1273,3
1274,0
1275,6
1276,7
1277,3
1278,16
1279,3
1280,6
1281,16
1282,3
1283,2
1284,2
1285,13
1286,0
1287,4
1288,0
1289,8
1290,9
1291,9
1292,10
1293,8
1294,2
1295,5
1296,2
1297,7
1298,5
1299,1
1300,10
1301,1
1302,8
1303,0
1304,3
1305,3
1306,7
1307,10
1308,7
1309,2
1310,1
1311,6
1312,1
1313,3
1314,11
1315,2
1316,8
1317,2
1318,9
1319,1
1320,7
1321,9
1322,7
1323,5
1324,7
1325,5
1326,6
1327,2
1328,7
1329,1
1330,5
1331,6
1332,6
1333,6
1334,6
1335,4
1336,3
1337,2
1338,3
1339,12
1340,11
1341,1
1342,1
1343,3
1344,9
1345,5
1346,9
1347,1
1348,8
1349,13
1350,4
1351,11
1352,3
1353,1
1354,7
1355,13
1356,6
1357,2
1358,5
1359,8
1360,11
1361,7
1362,6
1363,2
1364,3
1365,4
1366,8
1367,5
1368,12
1369,0
1370,2
1371,3
1372,4
1373,11
1374,6
1375,3
1376,4
1377,4
1378,7
1379,6
1380,4
1381,4
1382,7
1383,3
1384,4
1385,0
1386,3
1387,3
1388,3
1389,4
1390,2
1391,7
1392,6
1393,2
1394,4
1395,4
1396,3
1397,8
1398,6
1399,4
1400,5
1401,5
1402,10
1403,1
1404,11
1405,8
1406,0
1407,10
1408,7
1409,6
1410,7
1411,4
1412,12
1413,3
1414,6
1415,8
1416,7
1417,3
1418,3
1419,2
1420,7
1421,4
1422,8
1423,1
1424,3
1425,3
1426,3
1427,8
1428,10
1429,3
1430,7
1431,10
1432,11
1433,8
1434,1
1435,8
1436,1
1437,4
1438,2
1439,11
1440,3
1441,6
1442,0
1443,5
1444,3
1445,3
1446,8
1447,2
1448,1
1449,0
1450,1
1451,7
1452,6
1453,5
1454,1
1455,5
1456,8
1457,2
1458,0
1459,3
1460,2
1461,7
1462,8
1463,2
1464,3
1465,4
1466,4
1467,8
1468,3
1469,5
1470,4
1471,6
1472,4
1473,6
1474,4
1475,3
1476,6
1477,8
1478,7
1479,5
1480,3
1481,23
1482,5
1483,9
1484,5
1485,7
1486,3
1487,7
1488,3
1489,1
1490,6
1491,7
1492,11
1493,11
1494,7
1495,5
1496,5
1497,0
1498,5
1499,12
1500,3
1501,6
1502,4
1503,1
1504,5
1505,2
1506,2
1507,4
1508,7
1509,2
1510,12
1511,2
1512,11
1513,10
1514,3
1515,3
1516,1
1517,1
1518,1
1519,1
1520,14
1521,4
1522,8
1523,7
1524,7
1525,1
1526,10
1527,12
1528,8
1529,6
1530,4
1531,2
1532,2
1533,6
1534,0
1535,3
1536,1
1537,6
1538,7
1539,3
1540,11
1541,5
1542,4
1543,6
1544,2
1545,3
1546,13
1547,6
1548,5
1549,3
1550,2
1551,5
1552,5
1553,3
1554,3
1555,5
1556,6
1557,7
1558,5
1559,3
1560,9
1561,5
1562,5
1563,5
1564,6
1565,7
1566,8
1567,4
1568,5
1569,0
1570,6
1571,3
1572,2
1573,4
1574,5
1575,5
1576,7
1577,3
1578,1
1579,6
1580,3
1581,7
1582,2
1583,3
1584,2
1585,9
1586,5
1587,5
1588,14
1589,0
1590,7
1591,12
1592,4
1593,8
1594,7
1595,9
1596,3
1597,2
1598,1
1599,1
1600,10
1601,8
1602,17
1603,14
1604,3
1605,3
1606,1
1607,13
1608,5
1609,9
1610,6
1611,4
1612,3
1613,9
1614,2
1615,3
1616,1
1617,6
1618,4
1619,11
1620,3
1621,3
1622,2
1623,10
1624,3
1625,7
1626,4
1627,2
1628,2
1629,6
1630,1
1631,11
1632,8
1633,0
1634,4
1635,7
1636,5
1637,2
1638,2
1639,5
1640,8
1641,6
1642,7
1643,1
1644,1
1645,1
1646,11
1647,8
1648,4
1649,6
1650,1
1651,2
1652,6
1653,7
1654,2
1655,0
1656,2
1657,2
1658,10
1659,9
1660,8
1661,0
1662,5
1663,7
1664,1
1665,3
1666,4
1667,6
1668,1
1669,3
1670,2
1671,4
1672,4
1673,12
1674,5
1675,7
1676,2
1677,5
1678,4
1679,5
1680,4
1681,2
1682,0
1683,8
1684,6
1685,11
1686,5
1687,3
1688,6
1689,6
1690,5
1691,11
1692,5
1693,3
1694,2
1695,3
1696,0
1697,2
1698,7
1699,7
1700,15
1701,6
1702,1
1703,6
1704,4
1705,12
1706,2
1707,19
1708,2
1709,11
1710,6
1711,3
1712,5
1713,5
1714,6
1715,13
1716,2
1717,8
1718,2
1719,1
1720,2
1721,4
1722,7
1723,6
1724,10
1725,7
1726,4
1727,1
1728,16
1729,3
1730,7
1731,2
1732,11
1733,0
1734,4
1735,2
1736,1
1737,1
1738,6
1739,2
1740,3
1741,7
1742,4
1743,6
1744,6
1745,6
1746,2
1747,6
1748,9
1749,7
1750,6
1751,3
1752,7
1753,8
1754,1
1755,2
1756,5
1757,4
1758,3
1759,6
1760,5
1761,4
1762,2
1763,3
1764,2
1765,2
1766,3
1767,3
1768,2
1769,13
1770,2
1771,15
1772,1
1773,1
1774,5
1775,5
1776,4
1777,4
1778,10
1779,4
1780,2
1781,1
1782,3
1783,2
1784,5
1785,2
1786,5
1787,5
1788,10
1789,0
1790,7
1791,10
1792,1
1793,0
1794,7
1795,1
1796,5
1797,5
1798,9
1799,3
1800,4
1801,1
1802,19
1803,0
1804,1
1805,1
1806,4
1807,12
1808,6
1809,7
1810,3
1811,3
1812,2
1813,3
1814,9
1815,6
1816,7
1817,4
1818,7
1819,3
1820,5
1821,9
1822,0
1823,4
1824,2
1825,16
1826,8
1827,10
1828,5
1829,2
1830,3
1831,6
1832,0
1833,5
1834,4
1835,0
1836,6
1837,4
1838,2
1839,1
1840,3
1841,5
1842,2
1843,2
1844,4
1845,4
1846,3
1847,20
1848,4
1849,6
1850,10
1851,10
1852,3
1853,2
1854,4
1855,5
1856,6
1857,3
1858,5
1859,8
1860,8
1861,5
1862,0
1863,4
1864,3
1865,3
1866,7
1867,9
1868,7
1869,2
1870,4
1871,0
1872,2
1873,3
1874,6
1875,7
1876,6
1877,1
1878,4
1879,5
1880,5
1881,6
1882,0
1883,5
1884,4
1885,7
1886,2
1887,1
1888,4
1889,7
1890,5
1891,6
1892,2
1893,7
1894,9
1895,6
1896,3
1897,6
1898,6
1899,6
1900,4
1901,11
1902,1
1903,6
1904,1
1905,6
1906,3
1907,5
1908,4
1909,6
1910,1
1911,6
1912,10
1913,7
1914,4
1915,8
1916,2
1917,6
1918,2
1919,6
1920,3
1921,5
1922,3
1923,1
1924,5
1925,5
1926,3
1927,1
1928,4
1929,5
1930,8
1931,7
1932,3
1933,8
1934,4
1935,1
1936,11
1937,4
1938,1
1939,3
1940,6
1941,6
1942,4
1943,6
1944,5
1945,3
1946,6
1947,7
1948,11
1949,3
1950,1
1951,2
1952,10
1953,7
1954,6
1955,4
1956,1
1957,4
1958,2
1959,0
1960,0
1961,6
1962,4
1963,6
1964,3
1965,3
1966,3
1967,4
1968,7
1969,5
1970,2
1971,3
1972,1
1973,0
1974,4
1975,0
1976,8
1977,1
1978,4
1979,3
1980,7
1981,6
1982,7
1983,3
1984,0
1985,6
1986,5
1987,7
1988,4
1989,6
1990,5
1991,1
1992,3
1993,4
1994,3
1995,0
1996,4
1997,12
1998,0
1999,11
2000,8
2001,3
2002,5
2003,2
2004,7
2005,6
2006,5
2007,1
2008,3
2009,2
2010,2
2011,0
2012,6
2013,1
2014,3
2015,5
2016,4
2017,4
2018,9
2019,2
2020,3
2021,1
2022,7
2023,1
2024,8
2025,1
2026,6
2027,2
2028,2
2029,0
2030,5
2031,5
2032,5
2033,7
2034,3
2035,2
2036,5
2037,3
2038,1
2039,1
2040,2
2041,7
2042,4
2043,1
2044,3
2045,4
2046,3
2047,6
2048,12
2049,1
2050,2
2051,2
2052,8
2053,1
2054,3
2055,4
2056,0
2057,0
2058,3
2059,3
2060,1
2061,3
2062,4
2063,1
2064,0
2065,7
2066,4
2067,9
2068,6
2069,6
2070,0
2071,0
2072,0
2073,2
2074,1
2075,4
2076,2
2077,0
2078,2
2079,1
2080,3
2081,4
2082,1
2083,2
2084,0
2085,2
2086,2
2087,0
2088,0
2089,3
2090,2
2091,4
2092,4
2093,2
2094,3
2095,5
2096,1
2097,3
2098,4
2099,2
2100,8
2101,2
2102,2
2103,1
2104,2
2105,1
2106,7
2107,0
2108,4
2109,6
2110,5
2111,3
2112,1
2113,4
2114,2
2115,3
2116,2
2117,3
2118,4
2119,4
2120,1
2121,6
2122,5
2123,2
2124,1
2125,0
2126,11
2127,4
2128,7
2129,7
2130,5
2131,6
2132,2
2133,6
2134,4
2135,4
2136,5
2137,3
2138,5
2139,6
2140,10
2141,1
2142,7
2143,5
2144,5
2145,9
2146,2
2147,2
2148,6
2149,0
2150,4
2151,2
2152,5
2153,3
2154,3
2155,10
2156,2
2157,7
2158,0
2159,3
2160,5
2161,0
2162,1
2163,2
2164,3
2165,3
2166,3
2167,3
2168,7
2169,8
2170,7
2171,5
2172,4
2173,8
2174,4
2175,10
2176,1
2177,8
2178,7
2179,5
2180,4
2181,3
2182,4
2183,4
2184,7
2185,8
2186,3
2187,4
2188,7
2189,9
2190,3
2191,5
2192,5
2193,1
2194,0
2195,3
2196,4
2197,3
2198,6
2199,1
2200,1
2201,6
2202,4
2203,2
2204,5
2205,5
2206,1
2207,4
2208,5
2209,3
2210,4
2211,2
2212,5
2213,7
2214,1
2215,1
2216,4
2217,5
2218,4
2219,4
2220,10
2221,3
2222,2
2223,4
2224,3
2225,5
2226,9
2227,3
2228,5
2229,4
2230,2
2231,10
2232,2
2233,3
2234,1
2235,6
2236,2
2237,9
2238,2
2239,4
2240,1
2241,2
2242,4
2243,7
2244,1
2245,11
2246,1
2247,7
2248,1
2249,2
2250,2
2251,5
2252,2
2253,3
2254,6
2255,1
2256,2
2257,3
2258,8
2259,1
2260,9
2261,3
2262,1
2263,1
2264,9
2265,0
2266,1
2267,2
2268,4
2269,0
2270,4
2271,0
2272,10
2273,0
2274,1
2275,2
2276,2
2277,5
2278,10
2279,5
2280,4
2281,3
2282,2
2283,2
2284,6
2285,12
2286,5
2287,11
2288,9
2289,9
2290,7
2291,4
2292,3
2293,12
2294,2
2295,2
2296,3
2297,2
2298,0
2299,10
2300,3
2301,2
2302,3
2303,3
2304,8
2305,9
2306,7
2307,9
2308,12
2309,8
2310,6
2311,1
2312,8
2313,3
2314,2
2315,4
2316,4
2317,17
2318,6
2319,5
2320,2
2321,6
2322,13
2323,2
2324,1
2325,4
2326,2
2327,7
2328,5
2329,9
2330,9
2331,6
2332,4
2333,3
2334,10
2335,8
2336,3
2337,6
2338,8
2339,6
2340,18
2341,2
2342,8
2343,6
2344,3
2345,11
2346,0
2347,3
2348,6
2349,5
2350,1
2351,5
2352,3
2353,6
2354,0
2355,1
2356,5
2357,10
2358,14
2359,6
2360,11
2361,3
2362,12
2363,3
2364,5
2365,3
2366,6
2367,4
2368,9
2369,4
2370,7
2371,7
2372,4
2373,1
2374,2
2375,6
2376,2
2377,4
2378,13
2379,3
2380,7
2381,3
2382,3
2383,10
2384,6
2385,7
2386,15
2387,1
2388,7
2389,10
2390,3
2391,8
2392,8
2393,13
2394,9
2395,2
2396,5
2397,1
2398,5
2399,4
2400,2
2401,2
2402,3
2403,5
2404,3
2405,4
2406,3
2407,1
2408,7
2409,5
2410,6
2411,5
2412,13
2413,0
2414,5
2415,2
2416,1
2417,2
2418,8
2419,9
2420,8
2421,5
2422,5
2423,5
2424,7
2425,0
2426,4
2427,5
2428,9
2429,1
2430,3
2431,2
2432,7
2433,7
2434,3
2435,3
2436,4
2437,14
2438,5
2439,3
2440,2
2441,6
2442,2
2443,5
2444,4
2445,3
2446,3
2447,2
2448,4
2449,2
2450,5
2451,6
2452,5
2453,2
2454,8
2455,5
2456,5
2457,4
2458,6
2459,5
2460,10
2461,11
2462,6
2463,3
2464,6
2465,5
2466,9
2467,8
2468,2
2469,6
2470,1
2471,8
2472,8
2473,7
2474,1
2475,5
2476,3
2477,8
2478,4
2479,7
2480,10
2481,10
2482,3
2483,7
2484,4
2485,1
2486,14
2487,3
2488,3
2489,7
2490,6
2491,6
2492,4
2493,7
2494,0
2495,5
2496,5
2497,5
2498,8
2499,7
2500,1
2501,1
2502,9
2503,2
2504,6
2505,2
2506,4
2507,2
2508,7
2509,1
2510,0
2511,3
2512,5
2513,6
2514,4
2515,2
2516,1
2517,9
2518,3
2519,2
2520,6
2521,2
2522,3
2523,1
2524,9
2525,3
2526,13
2527,5
2528,0
2529,3
2530,3
2531,1
2532,6
2533,7
2534,7
2535,5
2536,4
2537,8
2538,2
2539,2
2540,2
2541,10
2542,7
2543,1
2544,6
2545,7
2546,8
2547,3
2548,5
2549,10
2550,9
2551,2
2552,12
2553,7
2554,0
2555,9
2556,1
2557,17
2558,3
2559,1
2560,9
2561,5
2562,2
2563,1
2564,10
2565,1
2566,11
2567,1
2568,6
2569,4
2570,11
2571,4
2572,3
2573,8
2574,1
2575,0
2576,4
2577,3
2578,6
2579,3
2580,2
2581,5
2582,5
2583,7
2584,4
2585,0
2586,3
2587,1
2588,5
2589,2
2590,7
2591,0
2592,4
2593,6
2594,0
2595,5
2596,1
2597,4
2598,9
2599,5
2600,8
2601,8
2602,7
2603,3
2604,1
2605,3
2606,2
2607,5
2608,2
2609,8
2610,4
2611,6
2612,1
2613,1
2614,5
2615,1
2616,3
2617,6
2618,2
2619,4
2620,8
2621,11
2622,7
2623,1
2624,5
2625,3
2626,3
2627,3
2628,7
2629,0
2630,4
2631,1
2632,3
2633,6
2634,8
2635,3
2636,7
2637,5
2638,2
2639,0
2640,5
2641,4
2642,8
2643,2
2644,9
2645,6
2646,3
2647,1
2648,4
2649,11
2650,2
2651,3
2652,3
2653,4
2654,4
2655,4
2656,3
2657,6
2658,5
2659,2
2660,5
2661,7
2662,3
2663,0
2664,7
2665,3
2666,8
2667,5
2668,9
2669,3
2670,2
2671,0
2672,4
2673,2
2674,6
2675,10
2676,0
2677,5
2678,9
2679,5
2680,1
2681,10
2682,5
2683,0
2684,2
2685,6
2686,3
2687,4
2688,0
2689,6
2690,3
2691,2
2692,11
2693,10
2694,2
2695,2
2696,5
2697,11
2698,1
2699,0
2700,4
2701,6
2702,5
2703,11
2704,6
2705,2
2706,1
2707,3
2708,5
2709,3
2710,2
2711,3
2712,2
2713,9
2714,1
2715,4
2716,5
2717,1
2718,7
2719,3
2720,2
2721,6
2722,7
2723,1
2724,2
2725,8
2726,10
2727,4
2728,7
2729,9
2730,7
2731,3
2732,4
2733,8
2734,3
2735,1
2736,1
2737,5
2738,6
2739,0
2740,4
2741,6
2742,6
2743,4
2744,3
2745,6
2746,5
2747,4
2748,3
2749,6
2750,5
2751,5
2752,6
2753,2
2754,3
2755,2
2756,6
2757,2
2758,4
2759,8
2760,14
2761,8
2762,1
2763,4
2764,3
2765,9
2766,1
2767,1
2768,1
2769,7
2770,3
2771,1
2772,4
2773,6
2774,4
2775,4
2776,5
2777,5
2778,7
2779,1
2780,5
2781,0
2782,3
2783,4
2784,4
2785,5
2786,5
2787,3
2788,3
2789,0
2790,6
2791,5
2792,6
2793,3
2794,3
2795,2
2796,1
2797,7
2798,10
2799,0
2800,8
2801,5
2802,9
2803,1
2804,0
2805,3
2806,5
2807,7
2808,4
2809,13
2810,6
2811,5
2812,2
2813,0
2814,5
2815,0
2816,8
2817,7
2818,6
2819,2
2820,15
2821,8
2822,1
2823,6
2824,5
2825,4
2826,7
2827,4
2828,2
2829,6
2830,3
2831,4
2832,1
2833,1
2834,7
2835,6
2836,5
2837,9
2838,3
2839,6
2840,1
2841,0
2842,5
2843,0
2844,4
2845,3
2846,0
2847,7
2848,3
2849,4
2850,3
2851,5
2852,2
2853,2
2854,5
2855,4
2856,0
2857,7
2858,2
2859,3
2860,4
2861,2
2862,3
2863,1
2864,4
2865,3
2866,3
2867,5
2868,6
2869,5
2870,5
2871,6
2872,10
2873,5
2874,7
2875,10
2876,6
2877,6
2878,12
2879,2
2880,4
2881,7
2882,4
2883,3
2884,2
2885,6
2886,2
2887,6
2888,2
2889,3
2890,0
2891,4
2892,1
2893,3
2894,1
2895,3
2896,0
2897,4
2898,6
2899,2
2900,8
2901,4
2902,4
2903,7
2904,2
2905,5
2906,3
2907,11
2908,4
2909,10
2910,7
2911,5
2912,2
2913,5
2914,6
2915,6
2916,4
2917,1
2918,4
2919,2
2920,6
2921,4
2922,2
2923,2
2924,0
2925,4
2926,8
2927,6
2928,6
2929,7
2930,4
2931,5
2932,8
2933,7
2934,3
2935,0
2936,6
2937,5
2938,4
2939,6
2940,10
2941,3
2942,4
2943,4
2944,3
2945,11
2946,5
2947,10
2948,1
2949,3
2950,2
2951,5
2952,5
2953,5
2954,5
2955,5
2956,6
2957,6
2958,6
2959,1
2960,4
2961,1
2962,4
2963,5
2964,9
2965,5
2966,6
2967,2
2968,2
2969,3
2970,6
2971,1
2972,2
2973,6
2974,4
2975,5
2976,9
2977,5
2978,6
2979,3
2980,9
2981,5
2982,4
2983,1
2984,2
2985,0
2986,3
2987,1
2988,2
2989,3
2990,4
2991,4
2992,6
2993,8
2994,4
2995,5
2996,5
2997,2
2998,6
2999,3
3000,11
3001,1
3002,4
3003,14
3004,8
3005,3
3006,0
3007,3
3008,1
3009,2
3010,11
3011,2
3012,3
3013,3
3014,2
3015,3
3016,3
3017,2
3018,1
3019,2
3020,4
3021,3
3022,10
3023,4
3024,4
3025,9
3026,3
3027,6
3028,3
3029,3
3030,6
3031,2
3032,5
3033,2
3034,6
3035,13
3036,4
3037,3
3038,5
3039,9
3040,3
3041,4
3042,7
3043,2
3044,6
3045,1
3046,1
3047,3
3048,2
3049,0
3050,12
3051,5
3052,12
3053,4
3054,0
3055,2
3056,2
3057,15
3058,3
3059,3
3060,5
3061,6
3062,2
3063,1
3064,3
3065,1
3066,8
3067,3
3068,4
3069,4
3070,0
3071,2
3072,8
3073,1
3074,1
3075,4
3076,0
3077,3
3078,6
3079,1
3080,6
3081,5
3082,6
3083,6
3084,8
3085,4
3086,2
3087,2
3088,2
3089,4
3090,3
3091,14
3092,3
3093,4
3094,4
3095,5
3096,2
3097,5
3098,8
3099,3
3100,4
3101,7
3102,7
3103,16
3104,10
3105,5
3106,6
3107,8
3108,4
3109,4
3110,1
3111,3
3112,6
3113,5
3114,4
3115,9
3116,4
3117,2
3118,3
3119,2
3120,5
3121,12
3122,9
3123,0
3124,6
3125,7
3126,3
3127,9
3128,2
3129,3
3130,5
3131,8
3132,11
3133,3
3134,1
3135,1
3136,2
3137,6
3138,8
3139,2
3140,10
3141,10
3142,2
3143,5
3144,7
3145,4
3146,0
3147,6
3148,3
3149,11
3150,4
3151,1
3152,7
3153,0
3154,7
3155,6
3156,1
3157,3
3158,3
3159,16
3160,10
3161,2
3162,5
3163,0
3164,10
3165,3
3166,5
3167,1
3168,4
3169,5
3170,8
3171,3
3172,3
3173,6
3174,5
3175,10
3176,3
3177,10
3178,10
3179,4
3180,2
3181,7
3182,3
3183,3
3184,7
3185,3
3186,2
3187,4
3188,5
3189,3
3190,8
3191,6
3192,3
3193,3
3194,3
3195,17
3196,4
3197,5
3198,11
3199,1
3200,6
3201,0
3202,9
3203,2
3204,7
3205,3
3206,6
3207,1
3208,2
3209,6
3210,2
3211,14
3212,1
3213,8
3214,12
3215,4
3216,5
3217,7
3218,5
3219,8
3220,0
3221,2
3222,5
3223,2
3224,7
3225,5
3226,4
3227,7
3228,2
3229,2
3230,2
3231,2
3232,2
3233,3
3234,4
3235,7
3236,7
3237,6
3238,10
3239,5
3240,2
3241,4
3242,4
3243,6
3244,17
3245,4
3246,6
3247,3
3248,6
3249,2
3250,4
3251,4
3252,1
3253,4
3254,2
3255,3
3256,1
3257,3
3258,8
3259,12
3260,4
3261,5
3262,7
3263,5
3264,5
3265,6
3266,1
3267,2
3268,2
3269,2
3270,6
3271,6
3272,5
3273,6
3274,4
3275,4
3276,5
3277,4
3278,6
3279,10
3280,7
3281,5
3282,2
3283,1
3284,1
3285,4
3286,1
3287,0
3288,5
3289,0
3290,3
3291,1
3292,3
3293,10
3294,10
3295,2
3296,1
3297,2
3298,1
3299,5
3300,6
3301,5
3302,11
3303,5
3304,13
3305,3
3306,2
3307,4
3308,5
3309,8
3310,3
3311,2
3312,5
3313,3
3314,6
3315,5
3316,1
3317,4
3318,5
3319,8
3320,2
3321,2
3322,2
3323,4
3324,5
3325,4
3326,13
3327,5
3328,0
3329,7
3330,4
3331,1
3332,3
3333,7
3334,6
3335,3
3336,2
3337,8
3338,5
3339,2
3340,4
3341,10
3342,1
3343,0
3344,7
3345,7
3346,2
3347,7
3348,4
3349,2
3350,7
3351,1
3352,2
3353,1
3354,4
3355,2
3356,1
3357,3
3358,1
3359,1
3360,3
3361,1
3362,3
3363,6
3364,4
3365,4
3366,4
3367,6
3368,4
3369,2
3370,3
3371,0
3372,6
3373,1
3374,2
3375,7
3376,2
3377,1
3378,1
3379,3
3380,10
3381,5
3382,2
3383,8
3384,8
3385,2
3386,7
3387,3
3388,1
3389,2
3390,3
3391,3
3392,7
3393,3
3394,2
3395,1
3396,4
3397,7
3398,4
3399,1
3400,4
3401,11
3402,3
3403,11
3404,5
3405,1
3406,7
3407,1
3408,1
3409,3
3410,11
3411,6
3412,13
3413,1
3414,5
3415,8
3416,8
3417,6
3418,4
3419,4
3420,9
3421,8
3422,2
3423,7
3424,6
3425,3
3426,1
3427,2
3428,3
3429,2
3430,6
3431,8
3432,3
3433,7
3434,1
3435,7
3436,3
3437,4
3438,13
3439,4
3440,5
3441,5
3442,3
3443,5
3444,1
3445,6
3446,3
3447,7
3448,8
3449,3
3450,3
3451,7
3452,7
3453,1
3454,5
3455,5
3456,1
3457,4
3458,5
3459,0
3460,11
3461,5
3462,11
3463,3
3464,7
3465,2
3466,3
3467,4
3468,3
3469,9
3470,6
3471,5
3472,7
3473,9
3474,1
3475,7
3476,5
3477,3
3478,8
3479,3
3480,4
3481,4
3482,11
3483,3
3484,5
3485,2
3486,11
3487,4
3488,3
3489,7
3490,1
3491,5
3492,2
3493,3
3494,4
3495,16
3496,3
3497,6
3498,6
3499,5
3500,3
3501,16
3502,6
3503,3
3504,1
3505,7
3506,3
3507,0
3508,5
3509,2
3510,5
3511,12
3512,3
3513,6
3514,0
3515,7
3516,9
3517,11
3518,6
3519,6
3520,10
3521,12
3522,8
3523,3
3524,1
3525,13
3526,10
3527,6
3528,3
3529,3
3530,7
3531,3
3532,7
3533,2
3534,3
3535,10
3536,5
3537,11
3538,7
3539,2
3540,13
3541,4
3542,5
3543,8
3544,11
3545,2
3546,5
3547,17
3548,2
3549,10
3550,0
3551,8
3552,9
3553,3
3554,12
3555,7
3556,10
3557,10
3558,2
3559,7
3560,1
3561,6
3562,2
3563,5
3564,5
3565,5
3566,6
3567,1
3568,1
3569,2
3570,10
3571,5
3572,2
3573,6
3574,1
3575,8
3576,0
3577,3
3578,3
3579,4
3580,5
3581,3
3582,0
3583,4
3584,15
3585,11
3586,16
3587,1
3588,6
3589,2
3590,6
3591,3
3592,2
3593,6
3594,1
3595,2
3596,4
3597,8
3598,0
3599,7
3600,6
3601,4
3602,6
3603,3
3604,1
3605,2
3606,6
3607,12
3608,4
3609,1
3610,2
3611,2
3612,2
3613,0
3614,3
3615,4
3616,6
3617,10
3618,5
3619,3
3620,8
3621,1
3622,1
3623,3
3624,1
3625,1
3626,3
3627,1
3628,7
3629,7
3630,5
3631,1
3632,9
3633,8
3634,1
3635,5
3636,3
3637,16
3638,10
3639,6
3640,4
3641,12
3642,9
3643,4
3644,5
3645,3
3646,6
3647,4
3648,3
3649,8
3650,3
3651,6
3652,4
3653,5
3654,0
3655,14
3656,9
3657,4
3658,6
3659,7
3660,4
3661,13
3662,3
3663,3
3664,8
3665,3
3666,10
3667,2
3668,6
3669,3
3670,4
3671,10
3672,4
3673,3
3674,5
3675,3
3676,4
3677,2
3678,6
3679,4
3680,5
3681,0
3682,4
3683,2
3684,10
3685,4
3686,6
3687,8
3688,3
3689,6
3690,2
3691,5
3692,6
3693,0
3694,4
3695,3
3696,6
3697,9
3698,6
3699,5
3700,3
3701,6
3702,11
3703,1
3704,4
3705,5
3706,1
3707,4
3708,2
3709,8
3710,7
3711,1
3712,0
3713,4
3714,4
3715,4
3716,3
3717,1
3718,5
3719,4
3720,5
3721,0
3722,9
3723,1
3724,5
3725,6
3726,4
3727,6
3728,3
3729,2
3730,1
3731,5
3732,4
3733,5
3734,9
3735,2
3736,4
3737,2
3738,6
3739,0
3740,10
3741,5
3742,3
3743,3
3744,7
3745,3
3746,12
3747,4
3748,3
3749,4
3750,3
3751,6
3752,5
3753,8
3754,11
3755,0
3756,9
3757,6
3758,7
3759,8
3760,3
3761,1
3762,7
3763,12
3764,3
3765,7
3766,7
3767,6
3768,6
3769,9
3770,4
3771,5
3772,5
3773,2
3774,1
3775,2
3776,2
3777,3
3778,5
3779,0
3780,5
3781,3
3782,10
3783,5
3784,1
3785,7
3786,7
3787,3
3788,1
3789,6
3790,0
3791,8
3792,5
3793,7
3794,12
3795,1
3796,11
3797,0
3798,5
3799,2
3800,3
3801,8
3802,6
3803,3
3804,8
3805,3
3806,14
3807,2
3808,6
3809,4
3810,1
3811,4
3812,8
3813,6
3814,7
3815,3
3816,5
3817,5
3818,10
3819,1
3820,4
3821,6
3822,0
3823,10
3824,10
3825,1
3826,4
3827,3
3828,6
3829,1
3830,6
3831,0
3832,5
3833,7
3834,1
3835,3
3836,3
3837,10
3838,3
3839,3
3840,3
3841,3
3842,3
3843,9
3844,1
3845,1
3846,8
3847,4
3848,8
3849,4
3850,8
3851,8
3852,6
3853,1
3854,2
3855,11
3856,8
3857,4
3858,3
3859,2
3860,9
3861,3
3862,7
3863,2
3864,8
3865,6
3866,1
3867,6
3868,10
3869,9
3870,8
3871,10
3872,2
3873,7
3874,3
3875,1
3876,4
3877,2
3878,13
3879,6
3880,3
3881,4
3882,6
3883,15
3884,1
3885,5
3886,2
3887,8
3888,1
3889,1
3890,3
3891,1
3892,6
3893,1
3894,2
3895,5
3896,5
3897,2
3898,0
3899,3
3900,3
3901,11
3902,6
3903,3
3904,5
3905,13
3906,2
3907,1
3908,14
3909,4
3910,5
3911,1
3912,4
3913,8
3914,3
3915,11
3916,17
3917,2
3918,6
3919,0
3920,1
3921,8
3922,7
3923,5
3924,0
3925,3
3926,6
3927,4
3928,7
3929,0
3930,3
3931,5
3932,3
3933,8
3934,16
3935,7
3936,17
3937,2
3938,5
3939,7
3940,2
3941,12
3942,6
3943,1
3944,0
3945,2
3946,13
3947,14
3948,7
3949,6
3950,2
3951,8
3952,9
3953,6
3954,5
3955,7
3956,2
3957,9
3958,0
3959,2
3960,0
3961,4
3962,9
3963,1
3964,6
3965,8
3966,11
3967,5
3968,6
3969,5
3970,4
3971,2
3972,4
3973,6
3974,5
3975,11
3976,10
3977,2
3978,5
3979,2
3980,6
3981,1
3982,6
3983,5
3984,9
3985,6
3986,6
3987,6
3988,3
3989,5
3990,6
3991,3
3992,2
3993,4
3994,4
3995,4
3996,5
3997,4
3998,4
3999,0
4000,2
4001,4
4002,12
4003,4
4004,8
4005,9
4006,2
4007,3
4008,0
4009,5
4010,7
4011,2
4012,1
4013,4
4014,5
4015,1
4016,10
4017,2
4018,4
4019,1
4020,4
4021,7
4022,0
4023,5
4024,11
4025,2
4026,6
4027,2
4028,5
4029,5
4030,11
4031,0
4032,1
4033,2
4034,4
4035,7
4036,7
4037,2
4038,5
4039,11
4040,1
4041,3
4042,4
4043,4
4044,6
4045,4
4046,5
4047,3
4048,3
4049,1
4050,7
4051,9
4052,5
4053,1
4054,3
4055,5
4056,2
4057,8
4058,1
4059,1
4060,2
4061,0
4062,2
4063,0
4064,1
4065,6
4066,2
4067,5
4068,12
4069,10
4070,5
4071,6
4072,7
4073,1
4074,6
4075,1
4076,8
4077,1
4078,3
4079,1
4080,3
4081,6
4082,12
4083,0
4084,2
4085,3
4086,8
4087,7
4088,11
4089,1
4090,4
4091,4
4092,8
4093,4
4094,2
4095,3
4096,4
4097,2
4098,10
4099,10
4100,0
4101,6
4102,0
4103,5
4104,8
4105,7
4106,7
4107,5
4108,6
4109,6
4110,6
4111,3
4112,1
4113,2
4114,2
4115,1
4116,9
4117,3
4118,2
4119,8
4120,4
4121,4
4122,2
4123,8
4124,5
4125,2
4126,7
4127,1
4128,6
4129,10
4130,2
4131,1
4132,3
4133,6
4134,4
4135,5
4136,5
4137,5
4138,1
4139,3
4140,10
4141,9
4142,3
4143,4
4144,6
4145,2
4146,4
4147,3
4148,1
4149,2
4150,2
4151,9
4152,3
4153,2
4154,7
4155,6
4156,4
4157,5
4158,8
4159,1
4160,11
4161,10
4162,8
4163,8
4164,6
4165,4
4166,6
4167,2
4168,10
4169,6
4170,10
4171,5
4172,4
4173,2
4174,4
4175,3
4176,4
4177,4
4178,12
4179,12
4180,2
4181,5
4182,6
4183,17
4184,4
4185,6
4186,13
4187,2
4188,4
4189,8
4190,2
4191,3
4192,11
4193,3
4194,5
4195,3
4196,3
4197,8
4198,3
4199,5
4200,5
4201,0
4202,7
4203,2
4204,8
4205,11
4206,1
4207,4
4208,4
4209,1
4210,3
4211,14
4212,5
4213,3
4214,4
4215,4
4216,5
4217,7
4218,6
4219,9
4220,4
4221,2
4222,7
4223,1
4224,2
4225,2
4226,2
4227,3
4228,11
4229,1
4230,14
4231,1
4232,5
4233,2
4234,0
4235,10
4236,4
4237,3
4238,7
4239,4
4240,0
4241,1
4242,6
4243,12
4244,4
4245,5
4246,2
4247,11
4248,3
4249,4
4250,8
4251,1
4252,4
4253,7
4254,3
4255,0
4256,5
4257,6
4258,5
4259,4
4260,8
4261,4
4262,7
4263,3
4264,3
4265,6
4266,7
4267,4
4268,1
4269,6
4270,9
4271,7
4272,12
4273,6
4274,1
4275,2
4276,2
4277,5
4278,9
4279,3
4280,7
4281,1
4282,3
4283,4
4284,4
4285,3
4286,3
4287,8
4288,4
4289,2
4290,0
4291,13
4292,2
4293,5
4294,4
4295,0
4296,2
4297,3
4298,6
4299,2
4300,3
4301,2
4302,4
4303,3
4304,2
4305,3
4306,2
4307,2
4308,5
4309,7
4310,13
4311,3
4312,11
4313,2
4314,3
4315,4
4316,1
4317,9
4318,5
4319,0
4320,6
4321,5
4322,4
4323,0
4324,3
4325,10
4326,5
4327,2
4328,7
4329,7
4330,3
4331,7
4332,11
4333,11
4334,4
4335,3
4336,6
4337,8
4338,0
4339,5
4340,9
4341,0
4342,2
4343,6
4344,4
4345,17
4346,7
4347,0
4348,1
4349,0
4350,3
4351,1
4352,8
4353,4
4354,4
4355,7
4356,0
4357,5
4358,8
4359,4
4360,2
4361,5
4362,3
4363,1
4364,4
4365,4
4366,6
4367,1
4368,1
4369,3
4370,5
4371,6
4372,1
4373,8
4374,8
4375,4
4376,9
4377,5
4378,6
4379,1
4380,6
4381,3
4382,3
4383,2
4384,5
4385,8
4386,0
4387,4
4388,9
4389,0
4390,2
4391,1
4392,2
4393,3
4394,8
4395,3
4396,6
4397,3
4398,5
4399,6
4400,8
4401,10
4402,4
4403,1
4404,8
4405,4
4406,5
4407,0
4408,3
4409,2
4410,2
4411,5
4412,4
4413,1
4414,3
4415,4
4416,3
4417,9
4418,2
4419,11
4420,9
4421,6
4422,7
4423,3
4424,1
4425,10
4426,5
4427,7
4428,7
4429,6
4430,7
4431,8
4432,4
4433,2
4434,3
4435,1
4436,1
4437,2
4438,13
4439,4
4440,4
4441,7
4442,7
4443,1
4444,7
4445,4
4446,2
4447,1
4448,6
4449,15
4450,1
4451,5
4452,5
4453,8
4454,4
4455,6
4456,7
4457,11
4458,2
4459,0
4460,2
4461,3
4462,3
4463,0
4464,4
4465,3
4466,12
4467,10
4468,9
4469,3
4470,3
4471,5
4472,4
4473,4
4474,22
4475,2
4476,4
4477,10
4478,6
4479,8
4480,1
4481,1
4482,8
4483,1
4484,6
4485,5
4486,1
4487,4
4488,3
4489,2
4490,2
4491,4
4492,6
4493,8
4494,4
4495,7
4496,3
4497,3
4498,10
4499,5
4500,0
4501,3
4502,8
4503,8
4504,2
4505,1
4506,5
4507,9
4508,7
4509,6
4510,2
4511,8
4512,5
4513,5
4514,3
4515,16
4516,3
4517,10
4518,8
4519,10
4520,7
4521,2
4522,2
4523,1
4524,6
4525,2
4526,4
4527,1
4528,8
4529,11
4530,14
4531,12
4532,4
4533,3
4534,4
4535,5
4536,2
4537,1
4538,5
4539,4
4540,7
4541,8
4542,5
4543,1
4544,4
4545,2
4546,4
4547,9
4548,0
4549,1
4550,0
4551,2
4552,6
4553,3
4554,2
4555,4
4556,14
4557,12
4558,4
4559,2
4560,5
4561,4
4562,3
4563,2
4564,5
4565,0
4566,4
4567,4
4568,7
4569,3
4570,4
4571,9
4572,11
4573,5
4574,6
4575,3
4576,5
4577,3
4578,14
4579,2
4580,4
4581,2
4582,5
4583,8
4584,2
4585,8
4586,4
4587,5
4588,2
4589,5
4590,7
4591,5
4592,6
4593,6
4594,8
4595,16
4596,14
4597,10
4598,6
4599,6
4600,5
4601,11
4602,7
4603,5
4604,12
4605,5
4606,5
4607,6
4608,15
4609,3
4610,5
4611,1
4612,4
4613,0
4614,6
4615,10
4616,1
4617,8
4618,6
4619,4
4620,6
4621,9
4622,1
4623,5
4624,9
4625,10
4626,8
4627,1
4628,1
4629,2
4630,7
4631,8
4632,8
4633,7
4634,0
4635,5
4636,5
4637,8
4638,0
4639,6
4640,1
4641,2
4642,0
4643,7
4644,5
4645,2
4646,3
4647,2
4648,3
4649,5
4650,2
4651,5
4652,5
4653,9
4654,3
4655,3
4656,7
4657,7
4658,5
4659,5
4660,3
4661,6
4662,7
4663,3
4664,0
4665,1
4666,6
4667,0
4668,7
4669,11
4670,0
4671,7
4672,4
4673,7
4674,6
4675,9
4676,5
4677,4
4678,3
4679,4
4680,3
4681,1
4682,13
4683,8
4684,9
4685,4
4686,10
4687,1
4688,9
4689,1
4690,8
4691,9
4692,4
4693,10
4694,5
4695,7
4696,4
4697,6
4698,5
4699,8
4700,6
4701,3
4702,3
4703,2
4704,2
4705,4
4706,3
4707,6
4708,7
4709,8
4710,1
4711,2
4712,2
4713,1
4714,4
4715,5
4716,5
4717,6
4718,6
4719,3
4720,8
4721,2
4722,3
4723,7
4724,0
4725,3
4726,2
4727,4
4728,3
4729,9
4730,5
4731,7
4732,1
4733,1
4734,4
4735,4
4736,6
4737,3
4738,4
4739,4
4740,1
4741,1
4742,5
4743,1
4744,4
4745,6
4746,0
4747,2
4748,6
4749,9
4750,4
4751,0
4752,5
4753,2
4754,7
4755,3
4756,6
4757,2
4758,4
4759,3
4760,8
4761,2
4762,1
4763,6
4764,1
4765,4
4766,1
4767,4
4768,4
4769,5
4770,3
4771,6
4772,2
4773,1
4774,1
4775,5
4776,4
4777,10
4778,6
4779,2
4780,3
4781,4
4782,1
4783,5
4784,3
4785,7
4786,2
4787,4
4788,8
4789,7
4790,2
4791,4
4792,2
4793,5
4794,4
4795,6
4796,2
4797,8
4798,3
4799,0
4800,1
4801,1
4802,3
4803,16
4804,0
4805,8
4806,1
4807,5
4808,6
4809,3
4810,3
4811,8
4812,8
4813,2
4814,7
4815,0
4816,9
4817,9
4818,0
4819,10
4820,5
4821,12
4822,2
4823,4
4824,4
4825,2
4826,3
4827,1
4828,0
4829,6
4830,4
4831,1
4832,5
4833,2
4834,1
4835,0
4836,1
4837,1
4838,10
4839,8
4840,2
4841,5
4842,4
4843,2
4844,0
4845,2
4846,0
4847,7
4848,4
4849,6
4850,7
4851,11
4852,12
4853,2
4854,9
4855,4
4856,3
4857,2
4858,4
4859,2
